{"type":"FeatureCollection","features":[{"type":"Feature","geometry":{"type":"MultiPolygon","coordinates":[[[[657752.9827,194284.9854],[664527.9827,194284.9854],[664527.9827,183034.9854],[657752.9827,183034.9854],[657752.9827,194284.9854]]]]},"properties":{"SNo":1,"RoomName":"Gents Rest Room","FloorID":1},"id":"bld_blockIII_floor1_rooms.1"},{"type":"Feature","geometry":{"type":"MultiPolygon","coordinates":[[[[795392.9827,194284.9854],[802167.9827,194284.9854],[802167.9827,183034.9854],[795392.9827,183034.9854],[795392.9827,194284.9854]]]]},"properties":{"SNo":2,"RoomName":"Ladies Rest Room","FloorID":1},"id":"bld_blockIII_floor1_rooms.2"},{"type":"Feature","geometry":{"type":"MultiPolygon","coordinates":[[[[760999.2327,194284.9854],[776561.7327,194284.9854],[776561.7327,183034.9854],[760999.2327,183034.9854],[760999.2327,194284.9854]]]]},"properties":{"SNo":3,"RoomName":"III CSE B","FloorID":1},"id":"bld_blockIII_floor1_rooms.3"},{"type":"Feature","geometry":{"type":"MultiPolygon","coordinates":[[[[776624.2327,194284.9854],[792074.2327,194284.9854],[792074.2327,183034.9854],[776624.2327,183034.9854],[776624.2327,194284.9854]]]]},"properties":{"SNo":4,"RoomName":"III CSE A","FloorID":1},"id":"bld_blockIII_floor1_rooms.4"},{"type":"Feature","geometry":{"type":"MultiPolygon","coordinates":[[[[746430.4827,221659.9854],[753430.4827,221659.9854],[753430.4827,215659.9854],[746430.4827,215659.9854],[746430.4827,221659.9854]]]]},"properties":{"SNo":5,"RoomName":"Conference Room","FloorID":1},"id":"bld_blockIII_floor1_rooms.5"},{"type":"Feature","geometry":{"type":"MultiPolygon","coordinates":[[[[760936.7327,194284.9854],[760936.7327,183034.9854],[746524.2327,183034.9854],[746524.2327,194284.9854],[760936.7327,194284.9854]]]]},"properties":{"SNo":6,"RoomName":"III CSE C","FloorID":1},"id":"bld_blockIII_floor1_rooms.6"},{"type":"Feature","geometry":{"type":"MultiPolygon","coordinates":[[[[722601.8336,194655.3302],[732293.223,194655.3302],[732293.223,184655.3302],[722601.8336,184655.3302],[722601.8336,194655.3302]]]]},"properties":{"SNo":7,"RoomName":"Extra 1","FloorID":1},"id":"bld_blockIII_floor1_rooms.7"},{"type":"Feature","geometry":{"type":"MultiPolygon","coordinates":[[[[732580.723,194655.3302],[737314.3336,194655.3302],[737314.3336,184655.3302],[732580.723,184655.3302],[732580.723,194655.3302]]]]},"properties":{"SNo":8,"RoomName":"Extra 2","FloorID":1},"id":"bld_blockIII_floor1_rooms.8"},{"type":"Feature","geometry":{"type":"MultiPolygon","coordinates":[[[[746430.4827,221659.9854],[787730.4827,221659.9854],[787730.4827,210409.9854],[746430.4827,210409.9854],[746430.4827,221659.9854]]]]},"properties":{"SNo":9,"RoomName":"CSE Department I","FloorID":1},"id":"bld_blockIII_floor1_rooms.9"},{"type":"Feature","geometry":{"type":"MultiPolygon","coordinates":[[[[762510.4827,214284.9854],[766405.4827,214284.9854],[766405.4827,210409.9854],[762510.4827,210409.9854],[762510.4827,214284.9854]]]]},"properties":{"SNo":10,"RoomName":"Extra 3","FloorID":1},"id":"bld_blockIII_floor1_rooms.10"},{"type":"Feature","geometry":{"type":"MultiPolygon","coordinates":[[[[766530.4827,214284.9854],[770430.4827,214284.9854],[770430.4827,210409.9854],[766530.4827,210409.9854],[766530.4827,214284.9854]]]]},"properties":{"SNo":11,"RoomName":"Cabin of Dr. Radhika","FloorID":1},"id":"bld_blockIII_floor1_rooms.11"},{"type":"Feature","geometry":{"type":"MultiPolygon","coordinates":[[[[754470.4827,214284.9854],[758365.4827,214284.9854],[758365.4827,210409.9854],[754470.4827,210409.9854],[754470.4827,214284.9854]]]]},"properties":{"SNo":12,"RoomName":"Cabin of Dr. Vidhya B","FloorID":1},"id":"bld_blockIII_floor1_rooms.12"},{"type":"Feature","geometry":{"type":"MultiPolygon","coordinates":[[[[758490.4827,214284.9854],[762385.4827,214284.9854],[762385.4827,210409.9854],[758490.4827,210409.9854],[758490.4827,214284.9854]]]]},"properties":{"SNo":13,"RoomName":"Office Room 2","FloorID":1},"id":"bld_blockIII_floor1_rooms.13"},{"type":"Feature","geometry":{"type":"MultiPolygon","coordinates":[[[[672190.4827,221659.9854],[714527.9827,221659.9854],[714527.9827,210409.9854],[672190.4827,210409.9854],[672190.4827,221659.9854]]]]},"properties":{"SNo":14,"RoomName":"Department I","FloorID":1},"id":"bld_blockIII_floor1_rooms.14"},{"type":"Feature","geometry":{"type":"MultiPolygon","coordinates":[[[[679315.4827,215222.4854],[679315.4827,210409.9854],[672190.4827,210409.9854],[672190.4827,215222.4854],[679315.4827,215222.4854]]]]},"properties":{"SNo":15,"RoomName":"Rest Rooms","FloorID":1},"id":"bld_blockIII_floor1_rooms.15"},{"type":"Feature","geometry":{"type":"MultiPolygon","coordinates":[[[[699096.7327,194284.9854],[713396.7327,194284.9854],[713396.7327,183034.9854],[699096.7327,183034.9854],[699096.7327,194284.9854]]]]},"properties":{"SNo":16,"RoomName":"Admissions II","FloorID":1},"id":"bld_blockIII_floor1_rooms.16"},{"type":"Feature","geometry":{"type":"MultiPolygon","coordinates":[[[[691284.2327,194284.9854],[698809.2327,194284.9854],[698809.2327,183034.9854],[691284.2327,183034.9854],[691284.2327,194284.9854]]]]},"properties":{"SNo":17,"RoomName":"AMuDA Lab","FloorID":1},"id":"bld_blockIII_floor1_rooms.17"},{"type":"Feature","geometry":{"type":"MultiPolygon","coordinates":[[[[746430.4827,214284.9854],[754345.4827,214284.9854],[754345.4827,210409.9854],[746430.4827,210409.9854],[746430.4827,214284.9854]]]]},"properties":{"SNo":18,"RoomName":"CSE HoD Cabin","FloorID":1},"id":"bld_blockIII_floor1_rooms.18"},{"type":"Feature","geometry":{"type":"MultiPolygon","coordinates":[[[[667846.7327,194284.9854],[690996.7327,194284.9854],[690996.7327,183034.9854],[667846.7327,183034.9854],[667846.7327,194284.9854]]]]},"properties":{"SNo":19,"RoomName":"Admissions I","FloorID":1},"id":"bld_blockIII_floor1_rooms.19"},{"type":"Feature","geometry":{"type":"MultiPolygon","coordinates":[[[[776736.7327,237784.9854],[776736.7327,249034.9854],[792074.2327,249034.9854],[792074.2327,237784.9854],[776736.7327,237784.9854]]]]},"properties":{"SNo":20,"RoomName":"IV CSE A","FloorID":1},"id":"bld_blockIII_floor1_rooms.20"},{"type":"Feature","geometry":{"type":"MultiPolygon","coordinates":[[[[761111.7327,237784.9854],[761111.7327,249034.9854],[776449.2327,249034.9854],[776449.2327,237784.9854],[761111.7327,237784.9854]]]]},"properties":{"SNo":21,"RoomName":"IV CSE B","FloorID":1},"id":"bld_blockIII_floor1_rooms.21"},{"type":"Feature","geometry":{"type":"MultiPolygon","coordinates":[[[[760824.2327,237784.9854],[746524.2327,237784.9854],[746524.2327,249034.9854],[760824.2327,249034.9854],[760824.2327,237784.9854]]]]},"properties":{"SNo":22,"RoomName":"IV CSE C","FloorID":1},"id":"bld_blockIII_floor1_rooms.22"},{"type":"Feature","geometry":{"type":"MultiPolygon","coordinates":[[[[795392.9827,249034.9854],[802167.9827,249034.9854],[802167.9827,237784.9854],[795392.9827,237784.9854],[795392.9827,249034.9854]]]]},"properties":{"SNo":23,"RoomName":"Gents Rest Room","FloorID":1},"id":"bld_blockIII_floor1_rooms.23"}]}