{"type":"FeatureCollection","features":[{"type":"Feature","geometry":{"type":"MultiLineString","coordinates":[[[692490.4827,288609.9854],[689490.4827,288609.9854]]]},"properties":{"FLOORID":"2"},"id":"bld_blockIII_floor2_temp_walls.1"},{"type":"Feature","geometry":{"type":"MultiLineString","coordinates":[[[681565.4827,288359.9854],[681565.4827,285984.9854]]]},"properties":{"FLOORID":"2"},"id":"bld_blockIII_floor2_temp_walls.2"},{"type":"Feature","geometry":{"type":"MultiLineString","coordinates":[[[778480.4827,288359.9854],[778480.4827,285984.9854]]]},"properties":{"FLOORID":"2"},"id":"bld_blockIII_floor2_temp_walls.3"},{"type":"Feature","geometry":{"type":"MultiLineString","coordinates":[[[764180.4827,291109.9854],[764305.4827,291109.9854]]]},"properties":{"FLOORID":"2"},"id":"bld_blockIII_floor2_temp_walls.4"},{"type":"Feature","geometry":{"type":"MultiLineString","coordinates":[[[761180.4827,288734.9854],[764180.4827,288734.9854]]]},"properties":{"FLOORID":"2"},"id":"bld_blockIII_floor2_temp_walls.5"},{"type":"Feature","geometry":{"type":"MultiLineString","coordinates":[[[673815.4827,283109.9854],[673815.4827,280984.9854]]]},"properties":{"FLOORID":"2"},"id":"bld_blockIII_floor2_temp_walls.6"},{"type":"Feature","geometry":{"type":"MultiLineString","coordinates":[[[692615.4827,288734.9854],[695615.4827,288734.9854]]]},"properties":{"FLOORID":"2"},"id":"bld_blockIII_floor2_temp_walls.7"},{"type":"Feature","geometry":{"type":"MultiLineString","coordinates":[[[674065.4827,289984.9854],[674065.4827,289859.9854]]]},"properties":{"FLOORID":"2"},"id":"bld_blockIII_floor2_temp_walls.8"},{"type":"Feature","geometry":{"type":"MultiLineString","coordinates":[[[687690.4827,285984.9854],[687690.4827,288359.9854]]]},"properties":{"FLOORID":"2"},"id":"bld_blockIII_floor2_temp_walls.9"},{"type":"Feature","geometry":{"type":"MultiLineString","coordinates":[[[692615.4827,291109.9854],[692615.4827,288734.9854]]]},"properties":{"FLOORID":"2"},"id":"bld_blockIII_floor2_temp_walls.10"},{"type":"Feature","geometry":{"type":"MultiLineString","coordinates":[[[777230.4827,288234.9854],[776480.4827,288234.9854]]]},"properties":{"FLOORID":"2"},"id":"bld_blockIII_floor2_temp_walls.11"},{"type":"Feature","geometry":{"type":"MultiLineString","coordinates":[[[707615.4827,290984.9854],[707615.4827,291109.9854]]]},"properties":{"FLOORID":"2"},"id":"bld_blockIII_floor2_temp_walls.12"},{"type":"Feature","geometry":{"type":"MultiLineString","coordinates":[[[774105.4827,289984.9854],[773355.4827,289984.9854]]]},"properties":{"FLOORID":"2"},"id":"bld_blockIII_floor2_temp_walls.13"},{"type":"Feature","geometry":{"type":"MultiLineString","coordinates":[[[679315.4827,285234.9854],[679502.9827,285234.9854]]]},"properties":{"FLOORID":"2"},"id":"bld_blockIII_floor2_temp_walls.14"},{"type":"Feature","geometry":{"type":"MultiLineString","coordinates":[[[703365.4827,291109.9854],[703240.4827,291109.9854]]]},"properties":{"FLOORID":"2"},"id":"bld_blockIII_floor2_temp_walls.15"},{"type":"Feature","geometry":{"type":"MultiLineString","coordinates":[[[777230.4827,288234.9854],[777230.4827,288359.9854]]]},"properties":{"FLOORID":"2"},"id":"bld_blockIII_floor2_temp_walls.16"},{"type":"Feature","geometry":{"type":"MultiLineString","coordinates":[[[786605.4827,289859.9854],[785855.4827,289859.9854]]]},"properties":{"FLOORID":"2"},"id":"bld_blockIII_floor2_temp_walls.17"},{"type":"Feature","geometry":{"type":"MultiLineString","coordinates":[[[762305.4827,290984.9854],[762305.4827,291109.9854]]]},"properties":{"FLOORID":"2"},"id":"bld_blockIII_floor2_temp_walls.18"},{"type":"Feature","geometry":{"type":"MultiLineString","coordinates":[[[775230.4827,288359.9854],[775230.4827,285984.9854]]]},"properties":{"FLOORID":"2"},"id":"bld_blockIII_floor2_temp_walls.19"},{"type":"Feature","geometry":{"type":"MultiLineString","coordinates":[[[674315.4827,283234.9854],[673690.4827,283234.9854]]]},"properties":{"FLOORID":"2"},"id":"bld_blockIII_floor2_temp_walls.20"},{"type":"Feature","geometry":{"type":"MultiLineString","coordinates":[[[758555.4827,286359.9854],[758555.4827,286234.9854]]]},"properties":{"FLOORID":"2"},"id":"bld_blockIII_floor2_temp_walls.21"},{"type":"Feature","geometry":{"type":"MultiLineString","coordinates":[[[678315.4827,289859.9854],[678315.4827,292234.9854]]]},"properties":{"FLOORID":"2"},"id":"bld_blockIII_floor2_temp_walls.22"},{"type":"Feature","geometry":{"type":"MultiLineString","coordinates":[[[759680.4827,286234.9854],[759680.4827,288609.9854]]]},"properties":{"FLOORID":"2"},"id":"bld_blockIII_floor2_temp_walls.23"},{"type":"Feature","geometry":{"type":"MultiLineString","coordinates":[[[676940.4827,282984.9854],[676940.4827,280984.9854]]]},"properties":{"FLOORID":"2"},"id":"bld_blockIII_floor2_temp_walls.24"},{"type":"Feature","geometry":{"type":"MultiLineString","coordinates":[[[778480.4827,284359.9854],[778355.4827,284359.9854]]]},"properties":{"FLOORID":"2"},"id":"bld_blockIII_floor2_temp_walls.25"},{"type":"Feature","geometry":{"type":"MultiLineString","coordinates":[[[691365.4827,290984.9854],[691365.4827,291109.9854]]]},"properties":{"FLOORID":"2"},"id":"bld_blockIII_floor2_temp_walls.26"},{"type":"Feature","geometry":{"type":"MultiLineString","coordinates":[[[681440.4827,288359.9854],[681565.4827,288359.9854]]]},"properties":{"FLOORID":"2"},"id":"bld_blockIII_floor2_temp_walls.27"},{"type":"Feature","geometry":{"type":"MultiLineString","coordinates":[[[773355.4827,289984.9854],[773355.4827,289859.9854]]]},"properties":{"FLOORID":"2"},"id":"bld_blockIII_floor2_temp_walls.28"},{"type":"Feature","geometry":{"type":"MultiLineString","coordinates":[[[679502.9827,282859.9854],[679502.9827,280984.9854]]]},"properties":{"FLOORID":"2"},"id":"bld_blockIII_floor2_temp_walls.29"},{"type":"Feature","geometry":{"type":"MultiLineString","coordinates":[[[698740.4827,288609.9854],[695740.4827,288609.9854]]]},"properties":{"FLOORID":"2"},"id":"bld_blockIII_floor2_temp_walls.30"},{"type":"Feature","geometry":{"type":"MultiLineString","coordinates":[[[692615.4827,286234.9854],[692490.4827,286234.9854]]]},"properties":{"FLOORID":"2"},"id":"bld_blockIII_floor2_temp_walls.31"},{"type":"Feature","geometry":{"type":"MultiLineString","coordinates":[[[696865.4827,286359.9854],[696865.4827,286234.9854]]]},"properties":{"FLOORID":"2"},"id":"bld_blockIII_floor2_temp_walls.32"},{"type":"Feature","geometry":{"type":"MultiLineString","coordinates":[[[768555.4827,290984.9854],[768555.4827,291109.9854]]]},"properties":{"FLOORID":"2"},"id":"bld_blockIII_floor2_temp_walls.33"},{"type":"Feature","geometry":{"type":"MultiLineString","coordinates":[[[772105.4827,289859.9854],[772105.4827,292234.9854]]]},"properties":{"FLOORID":"2"},"id":"bld_blockIII_floor2_temp_walls.34"},{"type":"Feature","geometry":{"type":"MultiLineString","coordinates":[[[679565.4827,288234.9854],[680315.4827,288234.9854]]]},"properties":{"FLOORID":"2"},"id":"bld_blockIII_floor2_temp_walls.35"},{"type":"Feature","geometry":{"type":"MultiLineString","coordinates":[[[702681.2492,284984.9854],[702681.2492,284859.9854]]]},"properties":{"FLOORID":"2"},"id":"bld_blockIII_floor2_temp_walls.36"},{"type":"Feature","geometry":{"type":"MultiLineString","coordinates":[[[752180.4827,286359.9854],[746430.4827,286359.9854]]]},"properties":{"FLOORID":"2"},"id":"bld_blockIII_floor2_temp_walls.37"},{"type":"Feature","geometry":{"type":"MultiLineString","coordinates":[[[695740.4827,291109.9854],[695615.4827,291109.9854]]]},"properties":{"FLOORID":"2"},"id":"bld_blockIII_floor2_temp_walls.38"},{"type":"Feature","geometry":{"type":"MultiLineString","coordinates":[[[709490.4827,288609.9854],[706490.4827,288609.9854]]]},"properties":{"FLOORID":"2"},"id":"bld_blockIII_floor2_temp_walls.39"},{"type":"Feature","geometry":{"type":"MultiLineString","coordinates":[[[784730.4827,289859.9854],[784730.4827,292234.9854]]]},"properties":{"FLOORID":"2"},"id":"bld_blockIII_floor2_temp_walls.40"},{"type":"Feature","geometry":{"type":"MultiLineString","coordinates":[[[709595.4827,284984.9854],[706701.2492,284984.9854]]]},"properties":{"FLOORID":"2"},"id":"bld_blockIII_floor2_temp_walls.41"},{"type":"Feature","geometry":{"type":"MultiLineString","coordinates":[[[692615.4827,286234.9854],[692615.4827,288609.9854]]]},"properties":{"FLOORID":"2"},"id":"bld_blockIII_floor2_temp_walls.42"},{"type":"Feature","geometry":{"type":"MultiLineString","coordinates":[[[700240.4827,291109.9854],[700240.4827,288734.9854]]]},"properties":{"FLOORID":"2"},"id":"bld_blockIII_floor2_temp_walls.43"},{"type":"Feature","geometry":{"type":"MultiLineString","coordinates":[[[767305.4827,286234.9854],[767305.4827,288609.9854]]]},"properties":{"FLOORID":"2"},"id":"bld_blockIII_floor2_temp_walls.44"},{"type":"Feature","geometry":{"type":"MultiLineString","coordinates":[[[764305.4827,286234.9854],[764305.4827,288609.9854]]]},"properties":{"FLOORID":"2"},"id":"bld_blockIII_floor2_temp_walls.45"},{"type":"Feature","geometry":{"type":"MultiLineString","coordinates":[[[768555.4827,290984.9854],[769305.4827,290984.9854]]]},"properties":{"FLOORID":"2"},"id":"bld_blockIII_floor2_temp_walls.46"},{"type":"Feature","geometry":{"type":"MultiLineString","coordinates":[[[677190.4827,288234.9854],[677190.4827,288359.9854]]]},"properties":{"FLOORID":"2"},"id":"bld_blockIII_floor2_temp_walls.47"},{"type":"Feature","geometry":{"type":"MultiLineString","coordinates":[[[679565.4827,289859.9854],[680315.4827,289859.9854]]]},"properties":{"FLOORID":"2"},"id":"bld_blockIII_floor2_temp_walls.48"},{"type":"Feature","geometry":{"type":"MultiLineString","coordinates":[[[679565.4827,289984.9854],[679565.4827,289859.9854]]]},"properties":{"FLOORID":"2"},"id":"bld_blockIII_floor2_temp_walls.49"},{"type":"Feature","geometry":{"type":"MultiLineString","coordinates":[[[685815.4827,289984.9854],[685815.4827,289859.9854]]]},"properties":{"FLOORID":"2"},"id":"bld_blockIII_floor2_temp_walls.50"},{"type":"Feature","geometry":{"type":"MultiLineString","coordinates":[[[676440.4827,289984.9854],[676440.4827,289859.9854]]]},"properties":{"FLOORID":"2"},"id":"bld_blockIII_floor2_temp_walls.51"},{"type":"Feature","geometry":{"type":"MultiLineString","coordinates":[[[757805.4827,290984.9854],[757805.4827,291109.9854]]]},"properties":{"FLOORID":"2"},"id":"bld_blockIII_floor2_temp_walls.52"},{"type":"Feature","geometry":{"type":"MultiLineString","coordinates":[[[692490.4827,288734.9854],[689490.4827,288734.9854]]]},"properties":{"FLOORID":"2"},"id":"bld_blockIII_floor2_temp_walls.53"},{"type":"Feature","geometry":{"type":"MultiLineString","coordinates":[[[765430.4827,286359.9854],[765430.4827,286234.9854]]]},"properties":{"FLOORID":"2"},"id":"bld_blockIII_floor2_temp_walls.54"},{"type":"Feature","geometry":{"type":"MultiLineString","coordinates":[[[672690.4827,283109.9854],[672190.4827,283109.9854]]]},"properties":{"FLOORID":"2"},"id":"bld_blockIII_floor2_temp_walls.55"},{"type":"Feature","geometry":{"type":"MultiLineString","coordinates":[[[705450.4827,284859.9854],[705450.4827,280984.9854]]]},"properties":{"FLOORID":"2"},"id":"bld_blockIII_floor2_temp_walls.56"},{"type":"Feature","geometry":{"type":"MultiLineString","coordinates":[[[697615.4827,286234.9854],[696865.4827,286234.9854]]]},"properties":{"FLOORID":"2"},"id":"bld_blockIII_floor2_temp_walls.57"},{"type":"Feature","geometry":{"type":"MultiLineString","coordinates":[[[709470.4827,284859.9854],[706701.2492,284859.9854]]]},"properties":{"FLOORID":"2"},"id":"bld_blockIII_floor2_temp_walls.58"},{"type":"Feature","geometry":{"type":"MultiLineString","coordinates":[[[695740.4827,286234.9854],[695740.4827,288609.9854]]]},"properties":{"FLOORID":"2"},"id":"bld_blockIII_floor2_temp_walls.59"},{"type":"Feature","geometry":{"type":"MultiLineString","coordinates":[[[684565.4827,289859.9854],[684565.4827,292234.9854]]]},"properties":{"FLOORID":"2"},"id":"bld_blockIII_floor2_temp_walls.60"},{"type":"Feature","geometry":{"type":"MultiLineString","coordinates":[[[777230.4827,288359.9854],[776480.4827,288359.9854]]]},"properties":{"FLOORID":"2"},"id":"bld_blockIII_floor2_temp_walls.61"},{"type":"Feature","geometry":{"type":"MultiLineString","coordinates":[[[784605.4827,288359.9854],[784605.4827,285984.9854]]]},"properties":{"FLOORID":"2"},"id":"bld_blockIII_floor2_temp_walls.62"},{"type":"Feature","geometry":{"type":"MultiLineString","coordinates":[[[766180.4827,290984.9854],[766180.4827,291109.9854]]]},"properties":{"FLOORID":"2"},"id":"bld_blockIII_floor2_temp_walls.63"},{"type":"Feature","geometry":{"type":"MultiLineString","coordinates":[[[753219.7163,284984.9854],[753219.7163,284859.9854]]]},"properties":{"FLOORID":"2"},"id":"bld_blockIII_floor2_temp_walls.64"},{"type":"Feature","geometry":{"type":"MultiLineString","coordinates":[[[693515.4827,284984.9854],[693515.4827,280984.9854]]]},"properties":{"FLOORID":"2"},"id":"bld_blockIII_floor2_temp_walls.65"},{"type":"Feature","geometry":{"type":"MultiLineString","coordinates":[[[785855.4827,289984.9854],[785855.4827,289859.9854]]]},"properties":{"FLOORID":"2"},"id":"bld_blockIII_floor2_temp_walls.66"},{"type":"Feature","geometry":{"type":"MultiLineString","coordinates":[[[772105.4827,285859.9854],[775230.4827,285859.9854]]]},"properties":{"FLOORID":"2"},"id":"bld_blockIII_floor2_temp_walls.67"},{"type":"Feature","geometry":{"type":"MultiLineString","coordinates":[[[676440.4827,288359.9854],[677190.4827,288359.9854]]]},"properties":{"FLOORID":"2"},"id":"bld_blockIII_floor2_temp_walls.68"},{"type":"Feature","geometry":{"type":"MultiLineString","coordinates":[[[675190.4827,288359.9854],[675190.4827,285984.9854]]]},"properties":{"FLOORID":"2"},"id":"bld_blockIII_floor2_temp_walls.69"},{"type":"Feature","geometry":{"type":"MultiLineString","coordinates":[[[786605.4827,288359.9854],[785855.4827,288359.9854]]]},"properties":{"FLOORID":"2"},"id":"bld_blockIII_floor2_temp_walls.70"},{"type":"Feature","geometry":{"type":"MultiLineString","coordinates":[[[689365.4827,286234.9854],[689490.4827,286234.9854]]]},"properties":{"FLOORID":"2"},"id":"bld_blockIII_floor2_temp_walls.71"},{"type":"Feature","geometry":{"type":"MultiLineString","coordinates":[[[679027.9827,285984.9854],[672377.9827,285984.9854]]]},"properties":{"FLOORID":"2"},"id":"bld_blockIII_floor2_temp_walls.72"},{"type":"Feature","geometry":{"type":"MultiLineString","coordinates":[[[756555.4827,291109.9854],[756680.4827,291109.9854]]]},"properties":{"FLOORID":"2"},"id":"bld_blockIII_floor2_temp_walls.73"},{"type":"Feature","geometry":{"type":"MultiLineString","coordinates":[[[750450.4827,284859.9854],[753219.7163,284859.9854]]]},"properties":{"FLOORID":"2"},"id":"bld_blockIII_floor2_temp_walls.74"},{"type":"Feature","geometry":{"type":"MultiLineString","coordinates":[[[778480.4827,289859.9854],[778480.4827,292234.9854]]]},"properties":{"FLOORID":"2"},"id":"bld_blockIII_floor2_temp_walls.75"},{"type":"Feature","geometry":{"type":"MultiLineString","coordinates":[[[676440.4827,289984.9854],[677190.4827,289984.9854]]]},"properties":{"FLOORID":"2"},"id":"bld_blockIII_floor2_temp_walls.76"},{"type":"Feature","geometry":{"type":"MultiLineString","coordinates":[[[782730.4827,288234.9854],[782730.4827,288359.9854]]]},"properties":{"FLOORID":"2"},"id":"bld_blockIII_floor2_temp_walls.77"},{"type":"Feature","geometry":{"type":"MultiLineString","coordinates":[[[685815.4827,289859.9854],[686565.4827,289859.9854]]]},"properties":{"FLOORID":"2"},"id":"bld_blockIII_floor2_temp_walls.78"},{"type":"Feature","geometry":{"type":"MultiLineString","coordinates":[[[767430.4827,288734.9854],[770430.4827,288734.9854]]]},"properties":{"FLOORID":"2"},"id":"bld_blockIII_floor2_temp_walls.79"},{"type":"Feature","geometry":{"type":"MultiLineString","coordinates":[[[697535.4827,284984.9854],[694640.4827,284984.9854]]]},"properties":{"FLOORID":"2"},"id":"bld_blockIII_floor2_temp_walls.80"},{"type":"Feature","geometry":{"type":"MultiLineString","coordinates":[[[697615.4827,290984.9854],[696865.4827,290984.9854]]]},"properties":{"FLOORID":"2"},"id":"bld_blockIII_floor2_temp_walls.81"},{"type":"Feature","geometry":{"type":"MultiLineString","coordinates":[[[772230.4827,285984.9854],[775230.4827,285984.9854]]]},"properties":{"FLOORID":"2"},"id":"bld_blockIII_floor2_temp_walls.82"},{"type":"Feature","geometry":{"type":"MultiLineString","coordinates":[[[783480.4827,288234.9854],[783480.4827,288359.9854]]]},"properties":{"FLOORID":"2"},"id":"bld_blockIII_floor2_temp_walls.83"},{"type":"Feature","geometry":{"type":"MultiLineString","coordinates":[[[705240.4827,290984.9854],[705240.4827,291109.9854]]]},"properties":{"FLOORID":"2"},"id":"bld_blockIII_floor2_temp_walls.84"},{"type":"Feature","geometry":{"type":"MultiLineString","coordinates":[[[783480.4827,288234.9854],[782730.4827,288234.9854]]]},"properties":{"FLOORID":"2"},"id":"bld_blockIII_floor2_temp_walls.85"},{"type":"Feature","geometry":{"type":"MultiLineString","coordinates":[[[783480.4827,289859.9854],[782730.4827,289859.9854]]]},"properties":{"FLOORID":"2"},"id":"bld_blockIII_floor2_temp_walls.86"},{"type":"Feature","geometry":{"type":"MultiLineString","coordinates":[[[681440.4827,289859.9854],[681440.4827,292234.9854]]]},"properties":{"FLOORID":"2"},"id":"bld_blockIII_floor2_temp_walls.87"},{"type":"Feature","geometry":{"type":"MultiLineString","coordinates":[[[778480.4827,288359.9854],[778355.4827,288359.9854]]]},"properties":{"FLOORID":"2"},"id":"bld_blockIII_floor2_temp_walls.88"},{"type":"Feature","geometry":{"type":"MultiLineString","coordinates":[[[776480.4827,288234.9854],[776480.4827,288359.9854]]]},"properties":{"FLOORID":"2"},"id":"bld_blockIII_floor2_temp_walls.89"},{"type":"Feature","geometry":{"type":"MultiLineString","coordinates":[[[778480.4827,284359.9854],[778480.4827,280984.9854]]]},"properties":{"FLOORID":"2"},"id":"bld_blockIII_floor2_temp_walls.90"},{"type":"Feature","geometry":{"type":"MultiLineString","coordinates":[[[697615.4827,291109.9854],[696865.4827,291109.9854]]]},"properties":{"FLOORID":"2"},"id":"bld_blockIII_floor2_temp_walls.91"},{"type":"Feature","geometry":{"type":"MultiLineString","coordinates":[[[764180.4827,286234.9854],[764180.4827,288609.9854]]]},"properties":{"FLOORID":"2"},"id":"bld_blockIII_floor2_temp_walls.92"},{"type":"Feature","geometry":{"type":"MultiLineString","coordinates":[[[679502.9827,285797.4854],[679502.9827,285234.9854]]]},"properties":{"FLOORID":"2"},"id":"bld_blockIII_floor2_temp_walls.93"},{"type":"Feature","geometry":{"type":"MultiLineString","coordinates":[[[676440.4827,289859.9854],[677190.4827,289859.9854]]]},"properties":{"FLOORID":"2"},"id":"bld_blockIII_floor2_temp_walls.94"},{"type":"Feature","geometry":{"type":"MultiLineString","coordinates":[[[679502.9827,282859.9854],[679502.9827,280984.9854]]]},"properties":{"FLOORID":"2"},"id":"bld_blockIII_floor2_temp_walls.95"},{"type":"Feature","geometry":{"type":"MultiLineString","coordinates":[[[700240.4827,288609.9854],[703240.4827,288609.9854]]]},"properties":{"FLOORID":"2"},"id":"bld_blockIII_floor2_temp_walls.96"},{"type":"Feature","geometry":{"type":"MultiLineString","coordinates":[[[691365.4827,290984.9854],[690615.4827,290984.9854]]]},"properties":{"FLOORID":"2"},"id":"bld_blockIII_floor2_temp_walls.97"},{"type":"Feature","geometry":{"type":"MultiLineString","coordinates":[[[754680.4827,290984.9854],[755430.4827,290984.9854]]]},"properties":{"FLOORID":"2"},"id":"bld_blockIII_floor2_temp_walls.98"},{"type":"Feature","geometry":{"type":"MultiLineString","coordinates":[[[698660.4827,284984.9854],[698660.4827,284859.9854]]]},"properties":{"FLOORID":"2"},"id":"bld_blockIII_floor2_temp_walls.99"},{"type":"Feature","geometry":{"type":"MultiLineString","coordinates":[[[709490.4827,286234.9854],[709615.4827,286234.9854]]]},"properties":{"FLOORID":"2"},"id":"bld_blockIII_floor2_temp_walls.100"},{"type":"Feature","geometry":{"type":"MultiLineString","coordinates":[[[764305.4827,291109.9854],[764305.4827,288734.9854]]]},"properties":{"FLOORID":"2"},"id":"bld_blockIII_floor2_temp_walls.101"},{"type":"Feature","geometry":{"type":"MultiLineString","coordinates":[[[701365.4827,286234.9854],[702115.4827,286234.9854]]]},"properties":{"FLOORID":"2"},"id":"bld_blockIII_floor2_temp_walls.102"},{"type":"Feature","geometry":{"type":"MultiLineString","coordinates":[[[761260.4827,284859.9854],[758490.4827,284859.9854]]]},"properties":{"FLOORID":"2"},"id":"bld_blockIII_floor2_temp_walls.103"},{"type":"Feature","geometry":{"type":"MultiLineString","coordinates":[[[767305.4827,288609.9854],[764305.4827,288609.9854]]]},"properties":{"FLOORID":"2"},"id":"bld_blockIII_floor2_temp_walls.104"},{"type":"Feature","geometry":{"type":"MultiLineString","coordinates":[[[681440.4827,285984.9854],[679502.9827,285984.9854]]]},"properties":{"FLOORID":"2"},"id":"bld_blockIII_floor2_temp_walls.105"},{"type":"Feature","geometry":{"type":"MultiLineString","coordinates":[[[758555.4827,290984.9854],[757805.4827,290984.9854]]]},"properties":{"FLOORID":"2"},"id":"bld_blockIII_floor2_temp_walls.106"},{"type":"Feature","geometry":{"type":"MultiLineString","coordinates":[[[672690.4827,283234.9854],[672690.4827,283109.9854]]]},"properties":{"FLOORID":"2"},"id":"bld_blockIII_floor2_temp_walls.107"},{"type":"Feature","geometry":{"type":"MultiLineString","coordinates":[[[684565.4827,289859.9854],[684690.4827,289859.9854]]]},"properties":{"FLOORID":"2"},"id":"bld_blockIII_floor2_temp_walls.108"},{"type":"Feature","geometry":{"type":"MultiLineString","coordinates":[[[684690.4827,289859.9854],[684690.4827,292234.9854]]]},"properties":{"FLOORID":"2"},"id":"bld_blockIII_floor2_temp_walls.109"},{"type":"Feature","geometry":{"type":"MultiLineString","coordinates":[[[701365.4827,286359.9854],[701365.4827,286234.9854]]]},"properties":{"FLOORID":"2"},"id":"bld_blockIII_floor2_temp_walls.110"},{"type":"Feature","geometry":{"type":"MultiLineString","coordinates":[[[681440.4827,288359.9854],[681440.4827,285984.9854]]]},"properties":{"FLOORID":"2"},"id":"bld_blockIII_floor2_temp_walls.111"},{"type":"Feature","geometry":{"type":"MultiLineString","coordinates":[[[679502.9827,283984.9854],[675440.4827,283984.9854]]]},"properties":{"FLOORID":"2"},"id":"bld_blockIII_floor2_temp_walls.112"},{"type":"Feature","geometry":{"type":"MultiLineString","coordinates":[[[761180.4827,288609.9854],[764180.4827,288609.9854]]]},"properties":{"FLOORID":"2"},"id":"bld_blockIII_floor2_temp_walls.113"},{"type":"Feature","geometry":{"type":"MultiLineString","coordinates":[[[706365.4827,286234.9854],[706490.4827,286234.9854]]]},"properties":{"FLOORID":"2"},"id":"bld_blockIII_floor2_temp_walls.114"},{"type":"Feature","geometry":{"type":"MultiLineString","coordinates":[[[695740.4827,286234.9854],[695615.4827,286234.9854]]]},"properties":{"FLOORID":"2"},"id":"bld_blockIII_floor2_temp_walls.115"},{"type":"Feature","geometry":{"type":"MultiLineString","coordinates":[[[755430.4827,290984.9854],[755430.4827,291109.9854]]]},"properties":{"FLOORID":"2"},"id":"bld_blockIII_floor2_temp_walls.116"},{"type":"Feature","geometry":{"type":"MultiLineString","coordinates":[[[706365.4827,288734.9854],[703365.4827,288734.9854]]]},"properties":{"FLOORID":"2"},"id":"bld_blockIII_floor2_temp_walls.117"},{"type":"Feature","geometry":{"type":"MultiLineString","coordinates":[[[681565.4827,289859.9854],[681565.4827,292234.9854]]]},"properties":{"FLOORID":"2"},"id":"bld_blockIII_floor2_temp_walls.118"},{"type":"Feature","geometry":{"type":"MultiLineString","coordinates":[[[780355.4827,289859.9854],[779605.4827,289859.9854]]]},"properties":{"FLOORID":"2"},"id":"bld_blockIII_floor2_temp_walls.119"},{"type":"Feature","geometry":{"type":"MultiLineString","coordinates":[[[768555.4827,286234.9854],[769305.4827,286234.9854]]]},"properties":{"FLOORID":"2"},"id":"bld_blockIII_floor2_temp_walls.120"},{"type":"Feature","geometry":{"type":"MultiLineString","coordinates":[[[778355.4827,284359.9854],[778355.4827,280984.9854]]]},"properties":{"FLOORID":"2"},"id":"bld_blockIII_floor2_temp_walls.121"},{"type":"Feature","geometry":{"type":"MultiLineString","coordinates":[[[758365.4827,284984.9854],[761260.4827,284984.9854]]]},"properties":{"FLOORID":"2"},"id":"bld_blockIII_floor2_temp_walls.122"},{"type":"Feature","geometry":{"type":"MultiLineString","coordinates":[[[754470.4827,284859.9854],[757239.7163,284859.9854]]]},"properties":{"FLOORID":"2"},"id":"bld_blockIII_floor2_temp_walls.123"},{"type":"Feature","geometry":{"type":"MultiLineString","coordinates":[[[750325.4827,284984.9854],[750325.4827,280984.9854]]]},"properties":{"FLOORID":"2"},"id":"bld_blockIII_floor2_temp_walls.124"},{"type":"Feature","geometry":{"type":"MultiLineString","coordinates":[[[764180.4827,291109.9854],[764180.4827,288734.9854]]]},"properties":{"FLOORID":"2"},"id":"bld_blockIII_floor2_temp_walls.125"},{"type":"Feature","geometry":{"type":"MultiLineString","coordinates":[[[706365.4827,286234.9854],[706365.4827,288609.9854]]]},"properties":{"FLOORID":"2"},"id":"bld_blockIII_floor2_temp_walls.126"},{"type":"Feature","geometry":{"type":"MultiLineString","coordinates":[[[687690.4827,284359.9854],[687815.4827,284359.9854]]]},"properties":{"FLOORID":"2"},"id":"bld_blockIII_floor2_temp_walls.127"},{"type":"Feature","geometry":{"type":"MultiLineString","coordinates":[[[749199.7163,284984.9854],[749199.7163,284859.9854]]]},"properties":{"FLOORID":"2"},"id":"bld_blockIII_floor2_temp_walls.128"},{"type":"Feature","geometry":{"type":"MultiLineString","coordinates":[[[762305.4827,290984.9854],[763055.4827,290984.9854]]]},"properties":{"FLOORID":"2"},"id":"bld_blockIII_floor2_temp_walls.129"},{"type":"Feature","geometry":{"type":"MultiLineString","coordinates":[[[700240.4827,288734.9854],[703240.4827,288734.9854]]]},"properties":{"FLOORID":"2"},"id":"bld_blockIII_floor2_temp_walls.130"},{"type":"Feature","geometry":{"type":"MultiLineString","coordinates":[[[765280.4827,284984.9854],[765280.4827,284859.9854]]]},"properties":{"FLOORID":"2"},"id":"bld_blockIII_floor2_temp_walls.131"},{"type":"Feature","geometry":{"type":"MultiLineString","coordinates":[[[687690.4827,285984.9854],[684690.4827,285984.9854]]]},"properties":{"FLOORID":"2"},"id":"bld_blockIII_floor2_temp_walls.132"},{"type":"Feature","geometry":{"type":"MultiLineString","coordinates":[[[780355.4827,289984.9854],[780355.4827,289859.9854]]]},"properties":{"FLOORID":"2"},"id":"bld_blockIII_floor2_temp_walls.133"},{"type":"Feature","geometry":{"type":"MultiLineString","coordinates":[[[750325.4827,284984.9854],[753219.7163,284984.9854]]]},"properties":{"FLOORID":"2"},"id":"bld_blockIII_floor2_temp_walls.134"},{"type":"Feature","geometry":{"type":"MultiLineString","coordinates":[[[681440.4827,284359.9854],[681440.4827,280984.9854]]]},"properties":{"FLOORID":"2"},"id":"bld_blockIII_floor2_temp_walls.135"},{"type":"Feature","geometry":{"type":"MultiLineString","coordinates":[[[673315.4827,288234.9854],[673315.4827,288359.9854]]]},"properties":{"FLOORID":"2"},"id":"bld_blockIII_floor2_temp_walls.136"},{"type":"Feature","geometry":{"type":"MultiLineString","coordinates":[[[709490.4827,286234.9854],[709490.4827,292234.9854]]]},"properties":{"FLOORID":"2"},"id":"bld_blockIII_floor2_temp_walls.137"},{"type":"Feature","geometry":{"type":"MultiLineString","coordinates":[[[768555.4827,291109.9854],[769305.4827,291109.9854]]]},"properties":{"FLOORID":"2"},"id":"bld_blockIII_floor2_temp_walls.138"},{"type":"Feature","geometry":{"type":"MultiLineString","coordinates":[[[675315.4827,289859.9854],[675315.4827,292234.9854]]]},"properties":{"FLOORID":"2"},"id":"bld_blockIII_floor2_temp_walls.139"},{"type":"Feature","geometry":{"type":"MultiLineString","coordinates":[[[746430.4827,284984.9854],[749199.7163,284984.9854]]]},"properties":{"FLOORID":"2"},"id":"bld_blockIII_floor2_temp_walls.140"},{"type":"Feature","geometry":{"type":"MultiLineString","coordinates":[[[685815.4827,288234.9854],[686565.4827,288234.9854]]]},"properties":{"FLOORID":"2"},"id":"bld_blockIII_floor2_temp_walls.141"},{"type":"Feature","geometry":{"type":"MultiLineString","coordinates":[[[759680.4827,286234.9854],[759805.4827,286234.9854]]]},"properties":{"FLOORID":"2"},"id":"bld_blockIII_floor2_temp_walls.142"},{"type":"Feature","geometry":{"type":"MultiLineString","coordinates":[[[762510.4827,284859.9854],[762510.4827,280984.9854]]]},"properties":{"FLOORID":"2"},"id":"bld_blockIII_floor2_temp_walls.143"},{"type":"Feature","geometry":{"type":"MultiLineString","coordinates":[[[687690.4827,280984.9854],[687690.4827,284359.9854]]]},"properties":{"FLOORID":"2"},"id":"bld_blockIII_floor2_temp_walls.144"},{"type":"Feature","geometry":{"type":"MultiLineString","coordinates":[[[766405.4827,284984.9854],[766405.4827,280984.9854]]]},"properties":{"FLOORID":"2"},"id":"bld_blockIII_floor2_temp_walls.145"},{"type":"Feature","geometry":{"type":"MultiLineString","coordinates":[[[786605.4827,289984.9854],[785855.4827,289984.9854]]]},"properties":{"FLOORID":"2"},"id":"bld_blockIII_floor2_temp_walls.146"},{"type":"Feature","geometry":{"type":"MultiLineString","coordinates":[[[674065.4827,288234.9854],[674065.4827,288359.9854]]]},"properties":{"FLOORID":"2"},"id":"bld_blockIII_floor2_temp_walls.147"},{"type":"Feature","geometry":{"type":"MultiLineString","coordinates":[[[706490.4827,286234.9854],[706490.4827,288609.9854]]]},"properties":{"FLOORID":"2"},"id":"bld_blockIII_floor2_temp_walls.148"},{"type":"Feature","geometry":{"type":"MultiLineString","coordinates":[[[708365.4827,291109.9854],[707615.4827,291109.9854]]]},"properties":{"FLOORID":"2"},"id":"bld_blockIII_floor2_temp_walls.149"},{"type":"Feature","geometry":{"type":"MultiLineString","coordinates":[[[693740.4827,286359.9854],[693740.4827,286234.9854]]]},"properties":{"FLOORID":"2"},"id":"bld_blockIII_floor2_temp_walls.150"},{"type":"Feature","geometry":{"type":"MultiLineString","coordinates":[[[689490.4827,291109.9854],[689490.4827,288734.9854]]]},"properties":{"FLOORID":"2"},"id":"bld_blockIII_floor2_temp_walls.151"},{"type":"Feature","geometry":{"type":"MultiLineString","coordinates":[[[678502.9827,282672.4854],[679315.4827,282672.4854]]]},"properties":{"FLOORID":"2"},"id":"bld_blockIII_floor2_temp_walls.152"},{"type":"Feature","geometry":{"type":"MultiLineString","coordinates":[[[677065.4827,282984.9854],[677065.4827,280697.4854]]]},"properties":{"FLOORID":"2"},"id":"bld_blockIII_floor2_temp_walls.153"},{"type":"Feature","geometry":{"type":"MultiLineString","coordinates":[[[781480.4827,289859.9854],[781480.4827,292234.9854]]]},"properties":{"FLOORID":"2"},"id":"bld_blockIII_floor2_temp_walls.154"},{"type":"Feature","geometry":{"type":"MultiLineString","coordinates":[[[767305.4827,288734.9854],[764305.4827,288734.9854]]]},"properties":{"FLOORID":"2"},"id":"bld_blockIII_floor2_temp_walls.155"},{"type":"Feature","geometry":{"type":"MultiLineString","coordinates":[[[777230.4827,289984.9854],[777230.4827,289859.9854]]]},"properties":{"FLOORID":"2"},"id":"bld_blockIII_floor2_temp_walls.156"},{"type":"Feature","geometry":{"type":"MultiLineString","coordinates":[[[761055.4827,286234.9854],[761180.4827,286234.9854]]]},"properties":{"FLOORID":"2"},"id":"bld_blockIII_floor2_temp_walls.157"},{"type":"Feature","geometry":{"type":"MultiLineString","coordinates":[[[775355.4827,285984.9854],[778355.4827,285984.9854]]]},"properties":{"FLOORID":"2"},"id":"bld_blockIII_floor2_temp_walls.158"},{"type":"Feature","geometry":{"type":"MultiLineString","coordinates":[[[786605.4827,288234.9854],[786605.4827,288359.9854]]]},"properties":{"FLOORID":"2"},"id":"bld_blockIII_floor2_temp_walls.159"},{"type":"Feature","geometry":{"type":"MultiLineString","coordinates":[[[752180.4827,286234.9854],[752180.4827,286359.9854]]]},"properties":{"FLOORID":"2"},"id":"bld_blockIII_floor2_temp_walls.160"},{"type":"Feature","geometry":{"type":"MultiLineString","coordinates":[[[682690.4827,288234.9854],[682690.4827,288359.9854]]]},"properties":{"FLOORID":"2"},"id":"bld_blockIII_floor2_temp_walls.161"},{"type":"Feature","geometry":{"type":"MultiLineString","coordinates":[[[703365.4827,286234.9854],[703240.4827,286234.9854]]]},"properties":{"FLOORID":"2"},"id":"bld_blockIII_floor2_temp_walls.162"},{"type":"Feature","geometry":{"type":"MultiLineString","coordinates":[[[757805.4827,286359.9854],[757805.4827,286234.9854]]]},"properties":{"FLOORID":"2"},"id":"bld_blockIII_floor2_temp_walls.163"},{"type":"Feature","geometry":{"type":"MultiLineString","coordinates":[[[765430.4827,290984.9854],[765430.4827,291109.9854]]]},"properties":{"FLOORID":"2"},"id":"bld_blockIII_floor2_temp_walls.164"},{"type":"Feature","geometry":{"type":"MultiLineString","coordinates":[[[679502.9827,284109.9854],[679502.9827,283984.9854]]]},"properties":{"FLOORID":"2"},"id":"bld_blockIII_floor2_temp_walls.165"},{"type":"Feature","geometry":{"type":"MultiLineString","coordinates":[[[696865.4827,290984.9854],[696865.4827,291109.9854]]]},"properties":{"FLOORID":"2"},"id":"bld_blockIII_floor2_temp_walls.166"},{"type":"Feature","geometry":{"type":"MultiLineString","coordinates":[[[746430.4827,284859.9854],[749199.7163,284859.9854]]]},"properties":{"FLOORID":"2"},"id":"bld_blockIII_floor2_temp_walls.167"},{"type":"Feature","geometry":{"type":"MultiLineString","coordinates":[[[759680.4827,288609.9854],[756680.4827,288609.9854]]]},"properties":{"FLOORID":"2"},"id":"bld_blockIII_floor2_temp_walls.168"},{"type":"Feature","geometry":{"type":"MultiLineString","coordinates":[[[694640.4827,284984.9854],[694640.4827,284859.9854]]]},"properties":{"FLOORID":"2"},"id":"bld_blockIII_floor2_temp_walls.169"},{"type":"Feature","geometry":{"type":"MultiLineString","coordinates":[[[705240.4827,286359.9854],[705240.4827,286234.9854]]]},"properties":{"FLOORID":"2"},"id":"bld_blockIII_floor2_temp_walls.170"},{"type":"Feature","geometry":{"type":"MultiLineString","coordinates":[[[770430.4827,291109.9854],[770430.4827,288734.9854]]]},"properties":{"FLOORID":"2"},"id":"bld_blockIII_floor2_temp_walls.171"},{"type":"Feature","geometry":{"type":"MultiLineString","coordinates":[[[700240.4827,286234.9854],[700240.4827,288609.9854]]]},"properties":{"FLOORID":"2"},"id":"bld_blockIII_floor2_temp_walls.172"},{"type":"Feature","geometry":{"type":"MultiLineString","coordinates":[[[680315.4827,288234.9854],[680315.4827,288359.9854]]]},"properties":{"FLOORID":"2"},"id":"bld_blockIII_floor2_temp_walls.173"},{"type":"Feature","geometry":{"type":"MultiLineString","coordinates":[[[757239.7163,284984.9854],[757239.7163,284859.9854]]]},"properties":{"FLOORID":"2"},"id":"bld_blockIII_floor2_temp_walls.174"},{"type":"Feature","geometry":{"type":"MultiLineString","coordinates":[[[754680.4827,286359.9854],[755430.4827,286359.9854]]]},"properties":{"FLOORID":"2"},"id":"bld_blockIII_floor2_temp_walls.175"},{"type":"Feature","geometry":{"type":"MultiLineString","coordinates":[[[683440.4827,288234.9854],[683440.4827,288359.9854]]]},"properties":{"FLOORID":"2"},"id":"bld_blockIII_floor2_temp_walls.176"},{"type":"Feature","geometry":{"type":"MultiLineString","coordinates":[[[781605.4827,289859.9854],[781605.4827,292234.9854]]]},"properties":{"FLOORID":"2"},"id":"bld_blockIII_floor2_temp_walls.177"},{"type":"Feature","geometry":{"type":"MultiLineString","coordinates":[[[781605.4827,288359.9854],[781480.4827,288359.9854]]]},"properties":{"FLOORID":"2"},"id":"bld_blockIII_floor2_temp_walls.178"},{"type":"Feature","geometry":{"type":"MultiLineString","coordinates":[[[675440.4827,284672.4854],[675440.4827,284109.9854]]]},"properties":{"FLOORID":"2"},"id":"bld_blockIII_floor2_temp_walls.179"},{"type":"Feature","geometry":{"type":"MultiLineString","coordinates":[[[685815.4827,288234.9854],[685815.4827,288359.9854]]]},"properties":{"FLOORID":"2"},"id":"bld_blockIII_floor2_temp_walls.180"},{"type":"Feature","geometry":{"type":"MultiLineString","coordinates":[[[714527.9827,284984.9854],[710721.2492,284984.9854]]]},"properties":{"FLOORID":"2"},"id":"bld_blockIII_floor2_temp_walls.181"},{"type":"Feature","geometry":{"type":"MultiLineString","coordinates":[[[778355.4827,285859.9854],[780417.9827,285859.9854]]]},"properties":{"FLOORID":"2"},"id":"bld_blockIII_floor2_temp_walls.182"},{"type":"Feature","geometry":{"type":"MultiLineString","coordinates":[[[684565.4827,283359.9854],[684565.4827,280984.9854]]]},"properties":{"FLOORID":"2"},"id":"bld_blockIII_floor2_temp_walls.183"},{"type":"Feature","geometry":{"type":"MultiLineString","coordinates":[[[695615.4827,286234.9854],[695615.4827,288609.9854]]]},"properties":{"FLOORID":"2"},"id":"bld_blockIII_floor2_temp_walls.184"},{"type":"Feature","geometry":{"type":"MultiLineString","coordinates":[[[766180.4827,290984.9854],[765430.4827,290984.9854]]]},"properties":{"FLOORID":"2"},"id":"bld_blockIII_floor2_temp_walls.185"},{"type":"Feature","geometry":{"type":"MultiLineString","coordinates":[[[770555.4827,291109.9854],[770555.4827,286234.9854]]]},"properties":{"FLOORID":"2"},"id":"bld_blockIII_floor2_temp_walls.186"},{"type":"Feature","geometry":{"type":"MultiLineString","coordinates":[[[697535.4827,284984.9854],[697535.4827,280984.9854]]]},"properties":{"FLOORID":"2"},"id":"bld_blockIII_floor2_temp_walls.187"},{"type":"Feature","geometry":{"type":"MultiLineString","coordinates":[[[766180.4827,286359.9854],[766180.4827,286234.9854]]]},"properties":{"FLOORID":"2"},"id":"bld_blockIII_floor2_temp_walls.188"},{"type":"Feature","geometry":{"type":"MultiLineString","coordinates":[[[772230.4827,288359.9854],[772105.4827,288359.9854]]]},"properties":{"FLOORID":"2"},"id":"bld_blockIII_floor2_temp_walls.189"},{"type":"Feature","geometry":{"type":"MultiLineString","coordinates":[[[779605.4827,289984.9854],[779605.4827,289859.9854]]]},"properties":{"FLOORID":"2"},"id":"bld_blockIII_floor2_temp_walls.190"},{"type":"Feature","geometry":{"type":"MultiLineString","coordinates":[[[750450.4827,284859.9854],[750450.4827,280984.9854]]]},"properties":{"FLOORID":"2"},"id":"bld_blockIII_floor2_temp_walls.191"},{"type":"Feature","geometry":{"type":"MultiLineString","coordinates":[[[693740.4827,290984.9854],[694490.4827,290984.9854]]]},"properties":{"FLOORID":"2"},"id":"bld_blockIII_floor2_temp_walls.192"},{"type":"Feature","geometry":{"type":"MultiLineString","coordinates":[[[705240.4827,291109.9854],[704490.4827,291109.9854]]]},"properties":{"FLOORID":"2"},"id":"bld_blockIII_floor2_temp_walls.193"},{"type":"Feature","geometry":{"type":"MultiLineString","coordinates":[[[761055.4827,291109.9854],[761180.4827,291109.9854]]]},"properties":{"FLOORID":"2"},"id":"bld_blockIII_floor2_temp_walls.194"},{"type":"Feature","geometry":{"type":"MultiLineString","coordinates":[[[684565.4827,285984.9854],[681565.4827,285984.9854]]]},"properties":{"FLOORID":"2"},"id":"bld_blockIII_floor2_temp_walls.195"},{"type":"Feature","geometry":{"type":"MultiLineString","coordinates":[[[765280.4827,284859.9854],[762510.4827,284859.9854]]]},"properties":{"FLOORID":"2"},"id":"bld_blockIII_floor2_temp_walls.196"},{"type":"Feature","geometry":{"type":"MultiLineString","coordinates":[[[693515.4827,284984.9854],[690615.4827,284984.9854]]]},"properties":{"FLOORID":"2"},"id":"bld_blockIII_floor2_temp_walls.197"},{"type":"Feature","geometry":{"type":"MultiLineString","coordinates":[[[772105.4827,285859.9854],[772105.4827,288359.9854]]]},"properties":{"FLOORID":"2"},"id":"bld_blockIII_floor2_temp_walls.198"},{"type":"Feature","geometry":{"type":"MultiLineString","coordinates":[[[708365.4827,290984.9854],[708365.4827,291109.9854]]]},"properties":{"FLOORID":"2"},"id":"bld_blockIII_floor2_temp_walls.199"},{"type":"Feature","geometry":{"type":"MultiLineString","coordinates":[[[754680.4827,290984.9854],[754680.4827,291109.9854]]]},"properties":{"FLOORID":"2"},"id":"bld_blockIII_floor2_temp_walls.200"},{"type":"Feature","geometry":{"type":"MultiLineString","coordinates":[[[706365.4827,291109.9854],[706490.4827,291109.9854]]]},"properties":{"FLOORID":"2"},"id":"bld_blockIII_floor2_temp_walls.201"},{"type":"Feature","geometry":{"type":"MultiLineString","coordinates":[[[781480.4827,288359.9854],[781480.4827,285984.9854]]]},"properties":{"FLOORID":"2"},"id":"bld_blockIII_floor2_temp_walls.202"},{"type":"Feature","geometry":{"type":"MultiLineString","coordinates":[[[697615.4827,286359.9854],[696865.4827,286359.9854]]]},"properties":{"FLOORID":"2"},"id":"bld_blockIII_floor2_temp_walls.203"},{"type":"Feature","geometry":{"type":"MultiLineString","coordinates":[[[775355.4827,288359.9854],[775355.4827,285984.9854]]]},"properties":{"FLOORID":"2"},"id":"bld_blockIII_floor2_temp_walls.204"},{"type":"Feature","geometry":{"type":"MultiLineString","coordinates":[[[693740.4827,291109.9854],[694490.4827,291109.9854]]]},"properties":{"FLOORID":"2"},"id":"bld_blockIII_floor2_temp_walls.205"},{"type":"Feature","geometry":{"type":"MultiLineString","coordinates":[[[678315.4827,288359.9854],[678315.4827,285984.9854]]]},"properties":{"FLOORID":"2"},"id":"bld_blockIII_floor2_temp_walls.206"},{"type":"Feature","geometry":{"type":"MultiLineString","coordinates":[[[763055.4827,286359.9854],[763055.4827,286234.9854]]]},"properties":{"FLOORID":"2"},"id":"bld_blockIII_floor2_temp_walls.207"},{"type":"Feature","geometry":{"type":"MultiLineString","coordinates":[[[695740.4827,291109.9854],[695740.4827,288734.9854]]]},"properties":{"FLOORID":"2"},"id":"bld_blockIII_floor2_temp_walls.208"},{"type":"Feature","geometry":{"type":"MultiLineString","coordinates":[[[766530.4827,284859.9854],[766530.4827,280984.9854]]]},"properties":{"FLOORID":"2"},"id":"bld_blockIII_floor2_temp_walls.209"},{"type":"Feature","geometry":{"type":"MultiLineString","coordinates":[[[775355.4827,289859.9854],[775230.4827,289859.9854]]]},"properties":{"FLOORID":"2"},"id":"bld_blockIII_floor2_temp_walls.210"},{"type":"Feature","geometry":{"type":"MultiLineString","coordinates":[[[785855.4827,288234.9854],[785855.4827,288359.9854]]]},"properties":{"FLOORID":"2"},"id":"bld_blockIII_floor2_temp_walls.211"},{"type":"Feature","geometry":{"type":"MultiLineString","coordinates":[[[675315.4827,288359.9854],[675315.4827,285984.9854]]]},"properties":{"FLOORID":"2"},"id":"bld_blockIII_floor2_temp_walls.212"},{"type":"Feature","geometry":{"type":"MultiLineString","coordinates":[[[763055.4827,290984.9854],[763055.4827,291109.9854]]]},"properties":{"FLOORID":"2"},"id":"bld_blockIII_floor2_temp_walls.213"},{"type":"Feature","geometry":{"type":"MultiLineString","coordinates":[[[770555.4827,286234.9854],[770430.4827,286234.9854]]]},"properties":{"FLOORID":"2"},"id":"bld_blockIII_floor2_temp_walls.214"},{"type":"Feature","geometry":{"type":"MultiLineString","coordinates":[[[679502.9827,284109.9854],[675440.4827,284109.9854]]]},"properties":{"FLOORID":"2"},"id":"bld_blockIII_floor2_temp_walls.215"},{"type":"Feature","geometry":{"type":"MultiLineString","coordinates":[[[758490.4827,284859.9854],[758490.4827,280984.9854]]]},"properties":{"FLOORID":"2"},"id":"bld_blockIII_floor2_temp_walls.216"},{"type":"Feature","geometry":{"type":"MultiLineString","coordinates":[[[683440.4827,289984.9854],[683440.4827,289859.9854]]]},"properties":{"FLOORID":"2"},"id":"bld_blockIII_floor2_temp_walls.217"},{"type":"Feature","geometry":{"type":"MultiLineString","coordinates":[[[770430.4827,284984.9854],[770430.4827,280984.9854]]]},"properties":{"FLOORID":"2"},"id":"bld_blockIII_floor2_temp_walls.218"},{"type":"Feature","geometry":{"type":"MultiLineString","coordinates":[[[687690.4827,288359.9854],[687815.4827,288359.9854]]]},"properties":{"FLOORID":"2"},"id":"bld_blockIII_floor2_temp_walls.219"},{"type":"Feature","geometry":{"type":"MultiLineString","coordinates":[[[778480.4827,289859.9854],[778355.4827,289859.9854]]]},"properties":{"FLOORID":"2"},"id":"bld_blockIII_floor2_temp_walls.220"},{"type":"Feature","geometry":{"type":"MultiLineString","coordinates":[[[697615.4827,290984.9854],[697615.4827,291109.9854]]]},"properties":{"FLOORID":"2"},"id":"bld_blockIII_floor2_temp_walls.221"},{"type":"Feature","geometry":{"type":"MultiLineString","coordinates":[[[701365.4827,290984.9854],[701365.4827,291109.9854]]]},"properties":{"FLOORID":"2"},"id":"bld_blockIII_floor2_temp_walls.222"},{"type":"Feature","geometry":{"type":"MultiLineString","coordinates":[[[675440.4827,283984.9854],[675440.4827,280984.9854]]]},"properties":{"FLOORID":"2"},"id":"bld_blockIII_floor2_temp_walls.223"},{"type":"Feature","geometry":{"type":"MultiLineString","coordinates":[[[710740.4827,286359.9854],[713490.4827,286359.9854]]]},"properties":{"FLOORID":"2"},"id":"bld_blockIII_floor2_temp_walls.224"},{"type":"Feature","geometry":{"type":"MultiLineString","coordinates":[[[700240.4827,291109.9854],[700115.4827,291109.9854]]]},"properties":{"FLOORID":"2"},"id":"bld_blockIII_floor2_temp_walls.225"},{"type":"Feature","geometry":{"type":"MultiLineString","coordinates":[[[766530.4827,284859.9854],[769305.4827,284859.9854]]]},"properties":{"FLOORID":"2"},"id":"bld_blockIII_floor2_temp_walls.226"},{"type":"Feature","geometry":{"type":"MultiLineString","coordinates":[[[774105.4827,288359.9854],[773355.4827,288359.9854]]]},"properties":{"FLOORID":"2"},"id":"bld_blockIII_floor2_temp_walls.227"},{"type":"Feature","geometry":{"type":"MultiLineString","coordinates":[[[708365.4827,286359.9854],[708365.4827,286234.9854]]]},"properties":{"FLOORID":"2"},"id":"bld_blockIII_floor2_temp_walls.228"},{"type":"Feature","geometry":{"type":"MultiLineString","coordinates":[[[687815.4827,280984.9854],[687815.4827,284359.9854]]]},"properties":{"FLOORID":"2"},"id":"bld_blockIII_floor2_temp_walls.229"},{"type":"Feature","geometry":{"type":"MultiLineString","coordinates":[[[703365.4827,286234.9854],[703365.4827,288609.9854]]]},"properties":{"FLOORID":"2"},"id":"bld_blockIII_floor2_temp_walls.230"},{"type":"Feature","geometry":{"type":"MultiLineString","coordinates":[[[773355.4827,288234.9854],[773355.4827,288359.9854]]]},"properties":{"FLOORID":"2"},"id":"bld_blockIII_floor2_temp_walls.231"},{"type":"Feature","geometry":{"type":"MultiLineString","coordinates":[[[698865.4827,291109.9854],[698865.4827,288734.9854]]]},"properties":{"FLOORID":"2"},"id":"bld_blockIII_floor2_temp_walls.232"},{"type":"Feature","geometry":{"type":"MultiLineString","coordinates":[[[758555.4827,286234.9854],[757805.4827,286234.9854]]]},"properties":{"FLOORID":"2"},"id":"bld_blockIII_floor2_temp_walls.233"},{"type":"Feature","geometry":{"type":"MultiLineString","coordinates":[[[679315.4827,282859.9854],[679315.4827,280984.9854]]]},"properties":{"FLOORID":"2"},"id":"bld_blockIII_floor2_temp_walls.234"},{"type":"Feature","geometry":{"type":"MultiLineString","coordinates":[[[684690.4827,283359.9854],[684690.4827,280984.9854]]]},"properties":{"FLOORID":"2"},"id":"bld_blockIII_floor2_temp_walls.235"},{"type":"Feature","geometry":{"type":"MultiLineString","coordinates":[[[675190.4827,288359.9854],[675315.4827,288359.9854]]]},"properties":{"FLOORID":"2"},"id":"bld_blockIII_floor2_temp_walls.236"},{"type":"Feature","geometry":{"type":"MultiLineString","coordinates":[[[778355.4827,289859.9854],[778355.4827,292234.9854]]]},"properties":{"FLOORID":"2"},"id":"bld_blockIII_floor2_temp_walls.237"},{"type":"Feature","geometry":{"type":"MultiLineString","coordinates":[[[677065.4827,282984.9854],[676940.4827,282984.9854]]]},"properties":{"FLOORID":"2"},"id":"bld_blockIII_floor2_temp_walls.238"},{"type":"Feature","geometry":{"type":"MultiLineString","coordinates":[[[707615.4827,286234.9854],[708365.4827,286234.9854]]]},"properties":{"FLOORID":"2"},"id":"bld_blockIII_floor2_temp_walls.239"},{"type":"Feature","geometry":{"type":"MultiLineString","coordinates":[[[698660.4827,284859.9854],[701430.4827,284859.9854]]]},"properties":{"FLOORID":"2"},"id":"bld_blockIII_floor2_temp_walls.240"},{"type":"Feature","geometry":{"type":"MultiLineString","coordinates":[[[694640.4827,284859.9854],[697410.4827,284859.9854]]]},"properties":{"FLOORID":"2"},"id":"bld_blockIII_floor2_temp_walls.241"},{"type":"Feature","geometry":{"type":"MultiLineString","coordinates":[[[774105.4827,288234.9854],[773355.4827,288234.9854]]]},"properties":{"FLOORID":"2"},"id":"bld_blockIII_floor2_temp_walls.242"},{"type":"Feature","geometry":{"type":"MultiLineString","coordinates":[[[703240.4827,286234.9854],[703240.4827,288609.9854]]]},"properties":{"FLOORID":"2"},"id":"bld_blockIII_floor2_temp_walls.243"},{"type":"Feature","geometry":{"type":"MultiLineString","coordinates":[[[687815.4827,289859.9854],[687690.4827,289859.9854]]]},"properties":{"FLOORID":"2"},"id":"bld_blockIII_floor2_temp_walls.244"},{"type":"Feature","geometry":{"type":"MultiLineString","coordinates":[[[691365.4827,286234.9854],[690615.4827,286234.9854]]]},"properties":{"FLOORID":"2"},"id":"bld_blockIII_floor2_temp_walls.245"},{"type":"Feature","geometry":{"type":"MultiLineString","coordinates":[[[692615.4827,291109.9854],[692490.4827,291109.9854]]]},"properties":{"FLOORID":"2"},"id":"bld_blockIII_floor2_temp_walls.246"},{"type":"Feature","geometry":{"type":"MultiLineString","coordinates":[[[682690.4827,288234.9854],[683440.4827,288234.9854]]]},"properties":{"FLOORID":"2"},"id":"bld_blockIII_floor2_temp_walls.247"},{"type":"Feature","geometry":{"type":"MultiLineString","coordinates":[[[784605.4827,289859.9854],[784605.4827,292234.9854]]]},"properties":{"FLOORID":"2"},"id":"bld_blockIII_floor2_temp_walls.248"},{"type":"Feature","geometry":{"type":"MultiLineString","coordinates":[[[679565.4827,289984.9854],[680315.4827,289984.9854]]]},"properties":{"FLOORID":"2"},"id":"bld_blockIII_floor2_temp_walls.249"},{"type":"Feature","geometry":{"type":"MultiLineString","coordinates":[[[780355.4827,288234.9854],[780355.4827,288359.9854]]]},"properties":{"FLOORID":"2"},"id":"bld_blockIII_floor2_temp_walls.250"},{"type":"Feature","geometry":{"type":"MultiLineString","coordinates":[[[705240.4827,286359.9854],[704490.4827,286359.9854]]]},"properties":{"FLOORID":"2"},"id":"bld_blockIII_floor2_temp_walls.251"},{"type":"Feature","geometry":{"type":"MultiLineString","coordinates":[[[707615.4827,286359.9854],[708365.4827,286359.9854]]]},"properties":{"FLOORID":"2"},"id":"bld_blockIII_floor2_temp_walls.252"},{"type":"Feature","geometry":{"type":"MultiLineString","coordinates":[[[767430.4827,286234.9854],[767430.4827,288609.9854]]]},"properties":{"FLOORID":"2"},"id":"bld_blockIII_floor2_temp_walls.253"},{"type":"Feature","geometry":{"type":"MultiLineString","coordinates":[[[758555.4827,291109.9854],[757805.4827,291109.9854]]]},"properties":{"FLOORID":"2"},"id":"bld_blockIII_floor2_temp_walls.254"},{"type":"Feature","geometry":{"type":"MultiLineString","coordinates":[[[698740.4827,286234.9854],[698740.4827,288609.9854]]]},"properties":{"FLOORID":"2"},"id":"bld_blockIII_floor2_temp_walls.255"},{"type":"Feature","geometry":{"type":"MultiLineString","coordinates":[[[686565.4827,289984.9854],[686565.4827,289859.9854]]]},"properties":{"FLOORID":"2"},"id":"bld_blockIII_floor2_temp_walls.256"},{"type":"Feature","geometry":{"type":"MultiLineString","coordinates":[[[766180.4827,286359.9854],[765430.4827,286359.9854]]]},"properties":{"FLOORID":"2"},"id":"bld_blockIII_floor2_temp_walls.257"},{"type":"Feature","geometry":{"type":"MultiLineString","coordinates":[[[679565.4827,288234.9854],[679565.4827,288359.9854]]]},"properties":{"FLOORID":"2"},"id":"bld_blockIII_floor2_temp_walls.258"},{"type":"Feature","geometry":{"type":"MultiLineString","coordinates":[[[783480.4827,289984.9854],[783480.4827,289859.9854]]]},"properties":{"FLOORID":"2"},"id":"bld_blockIII_floor2_temp_walls.259"},{"type":"Feature","geometry":{"type":"MultiLineString","coordinates":[[[767430.4827,288609.9854],[770430.4827,288609.9854]]]},"properties":{"FLOORID":"2"},"id":"bld_blockIII_floor2_temp_walls.260"},{"type":"Feature","geometry":{"type":"MultiLineString","coordinates":[[[770430.4827,286234.9854],[770430.4827,288609.9854]]]},"properties":{"FLOORID":"2"},"id":"bld_blockIII_floor2_temp_walls.261"},{"type":"Feature","geometry":{"type":"MultiLineString","coordinates":[[[675190.4827,289859.9854],[675190.4827,292234.9854]]]},"properties":{"FLOORID":"2"},"id":"bld_blockIII_floor2_temp_walls.262"},{"type":"Feature","geometry":{"type":"MultiLineString","coordinates":[[[676440.4827,288234.9854],[676440.4827,288359.9854]]]},"properties":{"FLOORID":"2"},"id":"bld_blockIII_floor2_temp_walls.263"},{"type":"Feature","geometry":{"type":"MultiLineString","coordinates":[[[681565.4827,285859.9854],[679502.9827,285859.9854]]]},"properties":{"FLOORID":"2"},"id":"bld_blockIII_floor2_temp_walls.264"},{"type":"Feature","geometry":{"type":"MultiLineString","coordinates":[[[684565.4827,288359.9854],[684565.4827,285984.9854]]]},"properties":{"FLOORID":"2"},"id":"bld_blockIII_floor2_temp_walls.265"},{"type":"Feature","geometry":{"type":"MultiLineString","coordinates":[[[761180.4827,286234.9854],[761180.4827,288609.9854]]]},"properties":{"FLOORID":"2"},"id":"bld_blockIII_floor2_temp_walls.266"},{"type":"Feature","geometry":{"type":"MultiLineString","coordinates":[[[678440.4827,288359.9854],[678440.4827,285984.9854]]]},"properties":{"FLOORID":"2"},"id":"bld_blockIII_floor2_temp_walls.267"},{"type":"Feature","geometry":{"type":"MultiLineString","coordinates":[[[679315.4827,285797.4854],[679315.4827,285234.9854]]]},"properties":{"FLOORID":"2"},"id":"bld_blockIII_floor2_temp_walls.268"},{"type":"Feature","geometry":{"type":"MultiLineString","coordinates":[[[693740.4827,286234.9854],[694490.4827,286234.9854]]]},"properties":{"FLOORID":"2"},"id":"bld_blockIII_floor2_temp_walls.269"},{"type":"Feature","geometry":{"type":"MultiLineString","coordinates":[[[759680.4827,291109.9854],[759805.4827,291109.9854]]]},"properties":{"FLOORID":"2"},"id":"bld_blockIII_floor2_temp_walls.270"},{"type":"Feature","geometry":{"type":"MultiLineString","coordinates":[[[766180.4827,291109.9854],[765430.4827,291109.9854]]]},"properties":{"FLOORID":"2"},"id":"bld_blockIII_floor2_temp_walls.271"},{"type":"Feature","geometry":{"type":"MultiLineString","coordinates":[[[694490.4827,290984.9854],[694490.4827,291109.9854]]]},"properties":{"FLOORID":"2"},"id":"bld_blockIII_floor2_temp_walls.272"},{"type":"Feature","geometry":{"type":"MultiLineString","coordinates":[[[767305.4827,291109.9854],[767430.4827,291109.9854]]]},"properties":{"FLOORID":"2"},"id":"bld_blockIII_floor2_temp_walls.273"},{"type":"Feature","geometry":{"type":"MultiLineString","coordinates":[[[775355.4827,289859.9854],[775355.4827,292234.9854]]]},"properties":{"FLOORID":"2"},"id":"bld_blockIII_floor2_temp_walls.274"},{"type":"Feature","geometry":{"type":"MultiLineString","coordinates":[[[762385.4827,284984.9854],[765280.4827,284984.9854]]]},"properties":{"FLOORID":"2"},"id":"bld_blockIII_floor2_temp_walls.275"},{"type":"Feature","geometry":{"type":"MultiLineString","coordinates":[[[774105.4827,289859.9854],[773355.4827,289859.9854]]]},"properties":{"FLOORID":"2"},"id":"bld_blockIII_floor2_temp_walls.276"},{"type":"Feature","geometry":{"type":"MultiLineString","coordinates":[[[754680.4827,286234.9854],[755430.4827,286234.9854]]]},"properties":{"FLOORID":"2"},"id":"bld_blockIII_floor2_temp_walls.277"},{"type":"Feature","geometry":{"type":"MultiLineString","coordinates":[[[764180.4827,286234.9854],[764305.4827,286234.9854]]]},"properties":{"FLOORID":"2"},"id":"bld_blockIII_floor2_temp_walls.278"},{"type":"Feature","geometry":{"type":"MultiLineString","coordinates":[[[758365.4827,284984.9854],[758365.4827,280984.9854]]]},"properties":{"FLOORID":"2"},"id":"bld_blockIII_floor2_temp_walls.279"},{"type":"Feature","geometry":{"type":"MultiLineString","coordinates":[[[778480.4827,285984.9854],[780417.9827,285984.9854]]]},"properties":{"FLOORID":"2"},"id":"bld_blockIII_floor2_temp_walls.280"},{"type":"Feature","geometry":{"type":"MultiLineString","coordinates":[[[673315.4827,289984.9854],[673315.4827,289859.9854]]]},"properties":{"FLOORID":"2"},"id":"bld_blockIII_floor2_temp_walls.281"},{"type":"Feature","geometry":{"type":"MultiLineString","coordinates":[[[693740.4827,286359.9854],[694490.4827,286359.9854]]]},"properties":{"FLOORID":"2"},"id":"bld_blockIII_floor2_temp_walls.282"},{"type":"Feature","geometry":{"type":"MultiLineString","coordinates":[[[709615.4827,286234.9854],[709615.4827,292234.9854]]]},"properties":{"FLOORID":"2"},"id":"bld_blockIII_floor2_temp_walls.283"},{"type":"Feature","geometry":{"type":"MultiLineString","coordinates":[[[781605.4827,288359.9854],[781605.4827,285984.9854]]]},"properties":{"FLOORID":"2"},"id":"bld_blockIII_floor2_temp_walls.284"},{"type":"Feature","geometry":{"type":"MultiLineString","coordinates":[[[774105.4827,288234.9854],[774105.4827,288359.9854]]]},"properties":{"FLOORID":"2"},"id":"bld_blockIII_floor2_temp_walls.285"},{"type":"Feature","geometry":{"type":"MultiLineString","coordinates":[[[784730.4827,289859.9854],[784605.4827,289859.9854]]]},"properties":{"FLOORID":"2"},"id":"bld_blockIII_floor2_temp_walls.286"},{"type":"Feature","geometry":{"type":"MultiLineString","coordinates":[[[766405.4827,284984.9854],[769305.4827,284984.9854]]]},"properties":{"FLOORID":"2"},"id":"bld_blockIII_floor2_temp_walls.287"},{"type":"Feature","geometry":{"type":"MultiLineString","coordinates":[[[675440.4827,284672.4854],[675315.4827,284672.4854]]]},"properties":{"FLOORID":"2"},"id":"bld_blockIII_floor2_temp_walls.288"},{"type":"Feature","geometry":{"type":"MultiLineString","coordinates":[[[784730.4827,288359.9854],[784730.4827,285984.9854]]]},"properties":{"FLOORID":"2"},"id":"bld_blockIII_floor2_temp_walls.289"},{"type":"Feature","geometry":{"type":"MultiLineString","coordinates":[[[762305.4827,291109.9854],[763055.4827,291109.9854]]]},"properties":{"FLOORID":"2"},"id":"bld_blockIII_floor2_temp_walls.290"},{"type":"Feature","geometry":{"type":"MultiLineString","coordinates":[[[701365.4827,286359.9854],[702115.4827,286359.9854]]]},"properties":{"FLOORID":"2"},"id":"bld_blockIII_floor2_temp_walls.291"},{"type":"Feature","geometry":{"type":"MultiLineString","coordinates":[[[769305.4827,286359.9854],[769305.4827,286234.9854]]]},"properties":{"FLOORID":"2"},"id":"bld_blockIII_floor2_temp_walls.292"},{"type":"Feature","geometry":{"type":"MultiLineString","coordinates":[[[756555.4827,286234.9854],[756555.4827,288609.9854]]]},"properties":{"FLOORID":"2"},"id":"bld_blockIII_floor2_temp_walls.293"},{"type":"Feature","geometry":{"type":"MultiLineString","coordinates":[[[682690.4827,289984.9854],[682690.4827,289859.9854]]]},"properties":{"FLOORID":"2"},"id":"bld_blockIII_floor2_temp_walls.294"},{"type":"Feature","geometry":{"type":"MultiLineString","coordinates":[[[673315.4827,288234.9854],[674065.4827,288234.9854]]]},"properties":{"FLOORID":"2"},"id":"bld_blockIII_floor2_temp_walls.295"},{"type":"Feature","geometry":{"type":"MultiLineString","coordinates":[[[756555.4827,286234.9854],[756680.4827,286234.9854]]]},"properties":{"FLOORID":"2"},"id":"bld_blockIII_floor2_temp_walls.296"},{"type":"Feature","geometry":{"type":"MultiLineString","coordinates":[[[761180.4827,291109.9854],[761180.4827,288734.9854]]]},"properties":{"FLOORID":"2"},"id":"bld_blockIII_floor2_temp_walls.297"},{"type":"Feature","geometry":{"type":"MultiLineString","coordinates":[[[675190.4827,289859.9854],[675315.4827,289859.9854]]]},"properties":{"FLOORID":"2"},"id":"bld_blockIII_floor2_temp_walls.298"},{"type":"Feature","geometry":{"type":"MultiLineString","coordinates":[[[762305.4827,286359.9854],[762305.4827,286234.9854]]]},"properties":{"FLOORID":"2"},"id":"bld_blockIII_floor2_temp_walls.299"},{"type":"Feature","geometry":{"type":"MultiLineString","coordinates":[[[775230.4827,289859.9854],[775230.4827,292234.9854]]]},"properties":{"FLOORID":"2"},"id":"bld_blockIII_floor2_temp_walls.300"},{"type":"Feature","geometry":{"type":"MultiLineString","coordinates":[[[756680.4827,288734.9854],[756680.4827,291109.9854]]]},"properties":{"FLOORID":"2"},"id":"bld_blockIII_floor2_temp_walls.301"},{"type":"Feature","geometry":{"type":"MultiLineString","coordinates":[[[679502.9827,282859.9854],[679315.4827,282859.9854]]]},"properties":{"FLOORID":"2"},"id":"bld_blockIII_floor2_temp_walls.302"},{"type":"Feature","geometry":{"type":"MultiLineString","coordinates":[[[691365.4827,286359.9854],[691365.4827,286234.9854]]]},"properties":{"FLOORID":"2"},"id":"bld_blockIII_floor2_temp_walls.303"},{"type":"Feature","geometry":{"type":"MultiLineString","coordinates":[[[682690.4827,288359.9854],[683440.4827,288359.9854]]]},"properties":{"FLOORID":"2"},"id":"bld_blockIII_floor2_temp_walls.304"},{"type":"Feature","geometry":{"type":"MultiLineString","coordinates":[[[714527.9827,284859.9854],[710721.2492,284859.9854]]]},"properties":{"FLOORID":"2"},"id":"bld_blockIII_floor2_temp_walls.305"},{"type":"Feature","geometry":{"type":"MultiLineString","coordinates":[[[698865.4827,286234.9854],[698740.4827,286234.9854]]]},"properties":{"FLOORID":"2"},"id":"bld_blockIII_floor2_temp_walls.306"},{"type":"Feature","geometry":{"type":"MultiLineString","coordinates":[[[776480.4827,289984.9854],[776480.4827,289859.9854]]]},"properties":{"FLOORID":"2"},"id":"bld_blockIII_floor2_temp_walls.307"},{"type":"Feature","geometry":{"type":"MultiLineString","coordinates":[[[693390.4827,284859.9854],[693390.4827,280984.9854]]]},"properties":{"FLOORID":"2"},"id":"bld_blockIII_floor2_temp_walls.308"},{"type":"Feature","geometry":{"type":"MultiLineString","coordinates":[[[700240.4827,286234.9854],[700115.4827,286234.9854]]]},"properties":{"FLOORID":"2"},"id":"bld_blockIII_floor2_temp_walls.309"},{"type":"Feature","geometry":{"type":"MultiLineString","coordinates":[[[709595.4827,284984.9854],[709595.4827,280984.9854]]]},"properties":{"FLOORID":"2"},"id":"bld_blockIII_floor2_temp_walls.310"},{"type":"Feature","geometry":{"type":"MultiLineString","coordinates":[[[689490.4827,284984.9854],[689365.4827,284984.9854]]]},"properties":{"FLOORID":"2"},"id":"bld_blockIII_floor2_temp_walls.311"},{"type":"Feature","geometry":{"type":"MultiLineString","coordinates":[[[681565.4827,284359.9854],[681565.4827,280984.9854]]]},"properties":{"FLOORID":"2"},"id":"bld_blockIII_floor2_temp_walls.312"},{"type":"Feature","geometry":{"type":"MultiLineString","coordinates":[[[698740.4827,288734.9854],[695740.4827,288734.9854]]]},"properties":{"FLOORID":"2"},"id":"bld_blockIII_floor2_temp_walls.313"},{"type":"Feature","geometry":{"type":"MultiLineString","coordinates":[[[681440.4827,284359.9854],[681565.4827,284359.9854]]]},"properties":{"FLOORID":"2"},"id":"bld_blockIII_floor2_temp_walls.314"},{"type":"Feature","geometry":{"type":"MultiLineString","coordinates":[[[701365.4827,291109.9854],[702115.4827,291109.9854]]]},"properties":{"FLOORID":"2"},"id":"bld_blockIII_floor2_temp_walls.315"},{"type":"Feature","geometry":{"type":"MultiLineString","coordinates":[[[781605.4827,289859.9854],[781480.4827,289859.9854]]]},"properties":{"FLOORID":"2"},"id":"bld_blockIII_floor2_temp_walls.316"},{"type":"Feature","geometry":{"type":"MultiLineString","coordinates":[[[684690.4827,288359.9854],[684690.4827,285984.9854]]]},"properties":{"FLOORID":"2"},"id":"bld_blockIII_floor2_temp_walls.317"},{"type":"Feature","geometry":{"type":"MultiLineString","coordinates":[[[691365.4827,291109.9854],[690615.4827,291109.9854]]]},"properties":{"FLOORID":"2"},"id":"bld_blockIII_floor2_temp_walls.318"},{"type":"Feature","geometry":{"type":"MultiLineString","coordinates":[[[756555.4827,291109.9854],[756555.4827,288734.9854]]]},"properties":{"FLOORID":"2"},"id":"bld_blockIII_floor2_temp_walls.319"},{"type":"Feature","geometry":{"type":"MultiLineString","coordinates":[[[674315.4827,283234.9854],[674315.4827,283109.9854]]]},"properties":{"FLOORID":"2"},"id":"bld_blockIII_floor2_temp_walls.320"},{"type":"Feature","geometry":{"type":"MultiLineString","coordinates":[[[678502.9827,281797.4854],[678502.9827,281859.9854]]]},"properties":{"FLOORID":"2"},"id":"bld_blockIII_floor2_temp_walls.321"},{"type":"Feature","geometry":{"type":"MultiLineString","coordinates":[[[672690.4827,283234.9854],[672190.4827,283234.9854]]]},"properties":{"FLOORID":"2"},"id":"bld_blockIII_floor2_temp_walls.322"},{"type":"Feature","geometry":{"type":"MultiLineString","coordinates":[[[685815.4827,289984.9854],[686565.4827,289984.9854]]]},"properties":{"FLOORID":"2"},"id":"bld_blockIII_floor2_temp_walls.323"},{"type":"Feature","geometry":{"type":"MultiLineString","coordinates":[[[702115.4827,286359.9854],[702115.4827,286234.9854]]]},"properties":{"FLOORID":"2"},"id":"bld_blockIII_floor2_temp_walls.324"},{"type":"Feature","geometry":{"type":"MultiLineString","coordinates":[[[774105.4827,289984.9854],[774105.4827,289859.9854]]]},"properties":{"FLOORID":"2"},"id":"bld_blockIII_floor2_temp_walls.325"},{"type":"Feature","geometry":{"type":"MultiLineString","coordinates":[[[706365.4827,288609.9854],[703365.4827,288609.9854]]]},"properties":{"FLOORID":"2"},"id":"bld_blockIII_floor2_temp_walls.326"},{"type":"Feature","geometry":{"type":"MultiLineString","coordinates":[[[780355.4827,288359.9854],[779605.4827,288359.9854]]]},"properties":{"FLOORID":"2"},"id":"bld_blockIII_floor2_temp_walls.327"},{"type":"Feature","geometry":{"type":"MultiLineString","coordinates":[[[752180.4827,286234.9854],[746430.4827,286234.9854]]]},"properties":{"FLOORID":"2"},"id":"bld_blockIII_floor2_temp_walls.328"},{"type":"Feature","geometry":{"type":"MultiLineString","coordinates":[[[679315.4827,282859.9854],[679315.4827,280984.9854]]]},"properties":{"FLOORID":"2"},"id":"bld_blockIII_floor2_temp_walls.329"},{"type":"Feature","geometry":{"type":"MultiLineString","coordinates":[[[677190.4827,289984.9854],[677190.4827,289859.9854]]]},"properties":{"FLOORID":"2"},"id":"bld_blockIII_floor2_temp_walls.330"},{"type":"Feature","geometry":{"type":"MultiLineString","coordinates":[[[755430.4827,286359.9854],[755430.4827,286234.9854]]]},"properties":{"FLOORID":"2"},"id":"bld_blockIII_floor2_temp_walls.331"},{"type":"Feature","geometry":{"type":"MultiLineString","coordinates":[[[685815.4827,288359.9854],[686565.4827,288359.9854]]]},"properties":{"FLOORID":"2"},"id":"bld_blockIII_floor2_temp_walls.332"},{"type":"Feature","geometry":{"type":"MultiLineString","coordinates":[[[705575.4827,284984.9854],[705575.4827,280984.9854]]]},"properties":{"FLOORID":"2"},"id":"bld_blockIII_floor2_temp_walls.333"},{"type":"Feature","geometry":{"type":"MultiLineString","coordinates":[[[689365.4827,284984.9854],[689365.4827,280984.9854]]]},"properties":{"FLOORID":"2"},"id":"bld_blockIII_floor2_temp_walls.334"},{"type":"Feature","geometry":{"type":"MultiLineString","coordinates":[[[786605.4827,289984.9854],[786605.4827,289859.9854]]]},"properties":{"FLOORID":"2"},"id":"bld_blockIII_floor2_temp_walls.335"},{"type":"Feature","geometry":{"type":"MultiLineString","coordinates":[[[684565.4827,288359.9854],[684690.4827,288359.9854]]]},"properties":{"FLOORID":"2"},"id":"bld_blockIII_floor2_temp_walls.336"},{"type":"Feature","geometry":{"type":"MultiLineString","coordinates":[[[676440.4827,288234.9854],[677190.4827,288234.9854]]]},"properties":{"FLOORID":"2"},"id":"bld_blockIII_floor2_temp_walls.337"},{"type":"Feature","geometry":{"type":"MultiLineString","coordinates":[[[767305.4827,291109.9854],[767305.4827,288734.9854]]]},"properties":{"FLOORID":"2"},"id":"bld_blockIII_floor2_temp_walls.338"},{"type":"Feature","geometry":{"type":"MultiLineString","coordinates":[[[692615.4827,288609.9854],[695615.4827,288609.9854]]]},"properties":{"FLOORID":"2"},"id":"bld_blockIII_floor2_temp_walls.339"},{"type":"Feature","geometry":{"type":"MultiLineString","coordinates":[[[753555.4827,288609.9854],[756555.4827,288609.9854]]]},"properties":{"FLOORID":"2"},"id":"bld_blockIII_floor2_temp_walls.340"},{"type":"Feature","geometry":{"type":"MultiLineString","coordinates":[[[679565.4827,288359.9854],[680315.4827,288359.9854]]]},"properties":{"FLOORID":"2"},"id":"bld_blockIII_floor2_temp_walls.341"},{"type":"Feature","geometry":{"type":"MultiLineString","coordinates":[[[707615.4827,286234.9854],[707615.4827,286359.9854]]]},"properties":{"FLOORID":"2"},"id":"bld_blockIII_floor2_temp_walls.342"},{"type":"Feature","geometry":{"type":"MultiLineString","coordinates":[[[681440.4827,289859.9854],[681565.4827,289859.9854]]]},"properties":{"FLOORID":"2"},"id":"bld_blockIII_floor2_temp_walls.343"},{"type":"Feature","geometry":{"type":"MultiLineString","coordinates":[[[754680.4827,291109.9854],[755430.4827,291109.9854]]]},"properties":{"FLOORID":"2"},"id":"bld_blockIII_floor2_temp_walls.344"},{"type":"Feature","geometry":{"type":"MultiLineString","coordinates":[[[761055.4827,291109.9854],[761055.4827,288734.9854]]]},"properties":{"FLOORID":"2"},"id":"bld_blockIII_floor2_temp_walls.345"},{"type":"Feature","geometry":{"type":"MultiLineString","coordinates":[[[690615.4827,286359.9854],[690615.4827,286234.9854]]]},"properties":{"FLOORID":"2"},"id":"bld_blockIII_floor2_temp_walls.346"},{"type":"Feature","geometry":{"type":"MultiLineString","coordinates":[[[762385.4827,284984.9854],[762385.4827,280984.9854]]]},"properties":{"FLOORID":"2"},"id":"bld_blockIII_floor2_temp_walls.347"},{"type":"Feature","geometry":{"type":"MultiLineString","coordinates":[[[701430.4827,284859.9854],[701430.4827,280984.9854]]]},"properties":{"FLOORID":"2"},"id":"bld_blockIII_floor2_temp_walls.348"},{"type":"Feature","geometry":{"type":"MultiLineString","coordinates":[[[673315.4827,289984.9854],[674065.4827,289984.9854]]]},"properties":{"FLOORID":"2"},"id":"bld_blockIII_floor2_temp_walls.349"},{"type":"Feature","geometry":{"type":"MultiLineString","coordinates":[[[678502.9827,282734.9854],[679315.4827,282734.9854]]]},"properties":{"FLOORID":"2"},"id":"bld_blockIII_floor2_temp_walls.350"},{"type":"Feature","geometry":{"type":"MultiLineString","coordinates":[[[687815.4827,289859.9854],[687815.4827,292234.9854]]]},"properties":{"FLOORID":"2"},"id":"bld_blockIII_floor2_temp_walls.351"},{"type":"Feature","geometry":{"type":"MultiLineString","coordinates":[[[762305.4827,286234.9854],[763055.4827,286234.9854]]]},"properties":{"FLOORID":"2"},"id":"bld_blockIII_floor2_temp_walls.352"},{"type":"Feature","geometry":{"type":"MultiLineString","coordinates":[[[701555.4827,284984.9854],[701555.4827,280984.9854]]]},"properties":{"FLOORID":"2"},"id":"bld_blockIII_floor2_temp_walls.353"},{"type":"Feature","geometry":{"type":"MultiLineString","coordinates":[[[754345.4827,284984.9854],[757239.7163,284984.9854]]]},"properties":{"FLOORID":"2"},"id":"bld_blockIII_floor2_temp_walls.354"},{"type":"Feature","geometry":{"type":"MultiLineString","coordinates":[[[768555.4827,286359.9854],[768555.4827,286234.9854]]]},"properties":{"FLOORID":"2"},"id":"bld_blockIII_floor2_temp_walls.355"},{"type":"Feature","geometry":{"type":"MultiLineString","coordinates":[[[759680.4827,288734.9854],[756680.4827,288734.9854]]]},"properties":{"FLOORID":"2"},"id":"bld_blockIII_floor2_temp_walls.356"},{"type":"Feature","geometry":{"type":"MultiLineString","coordinates":[[[687690.4827,289859.9854],[687690.4827,292234.9854]]]},"properties":{"FLOORID":"2"},"id":"bld_blockIII_floor2_temp_walls.357"},{"type":"Feature","geometry":{"type":"MultiLineString","coordinates":[[[709490.4827,288734.9854],[706490.4827,288734.9854]]]},"properties":{"FLOORID":"2"},"id":"bld_blockIII_floor2_temp_walls.358"},{"type":"Feature","geometry":{"type":"MultiLineString","coordinates":[[[700115.4827,286234.9854],[700115.4827,291109.9854]]]},"properties":{"FLOORID":"2"},"id":"bld_blockIII_floor2_temp_walls.359"},{"type":"Feature","geometry":{"type":"MultiLineString","coordinates":[[[693740.4827,290984.9854],[693740.4827,291109.9854]]]},"properties":{"FLOORID":"2"},"id":"bld_blockIII_floor2_temp_walls.360"},{"type":"Feature","geometry":{"type":"MultiLineString","coordinates":[[[770430.4827,291109.9854],[770555.4827,291109.9854]]]},"properties":{"FLOORID":"2"},"id":"bld_blockIII_floor2_temp_walls.361"},{"type":"Feature","geometry":{"type":"MultiLineString","coordinates":[[[675315.4827,284672.4854],[675315.4827,283234.9854]]]},"properties":{"FLOORID":"2"},"id":"bld_blockIII_floor2_temp_walls.362"},{"type":"Feature","geometry":{"type":"MultiLineString","coordinates":[[[674315.4827,283109.9854],[673815.4827,283109.9854]]]},"properties":{"FLOORID":"2"},"id":"bld_blockIII_floor2_temp_walls.363"},{"type":"Feature","geometry":{"type":"MultiLineString","coordinates":[[[702115.4827,290984.9854],[702115.4827,291109.9854]]]},"properties":{"FLOORID":"2"},"id":"bld_blockIII_floor2_temp_walls.364"},{"type":"Feature","geometry":{"type":"MultiLineString","coordinates":[[[682690.4827,289859.9854],[683440.4827,289859.9854]]]},"properties":{"FLOORID":"2"},"id":"bld_blockIII_floor2_temp_walls.365"},{"type":"Feature","geometry":{"type":"MultiLineString","coordinates":[[[704490.4827,290984.9854],[704490.4827,291109.9854]]]},"properties":{"FLOORID":"2"},"id":"bld_blockIII_floor2_temp_walls.366"},{"type":"Feature","geometry":{"type":"MultiLineString","coordinates":[[[770430.4827,284984.9854],[770555.4827,284984.9854]]]},"properties":{"FLOORID":"2"},"id":"bld_blockIII_floor2_temp_walls.367"},{"type":"Feature","geometry":{"type":"MultiLineString","coordinates":[[[682690.4827,289984.9854],[683440.4827,289984.9854]]]},"properties":{"FLOORID":"2"},"id":"bld_blockIII_floor2_temp_walls.368"},{"type":"Feature","geometry":{"type":"MultiLineString","coordinates":[[[762305.4827,286359.9854],[763055.4827,286359.9854]]]},"properties":{"FLOORID":"2"},"id":"bld_blockIII_floor2_temp_walls.369"},{"type":"Feature","geometry":{"type":"MultiLineString","coordinates":[[[691365.4827,286359.9854],[690615.4827,286359.9854]]]},"properties":{"FLOORID":"2"},"id":"bld_blockIII_floor2_temp_walls.370"},{"type":"Feature","geometry":{"type":"MultiLineString","coordinates":[[[786605.4827,288234.9854],[785855.4827,288234.9854]]]},"properties":{"FLOORID":"2"},"id":"bld_blockIII_floor2_temp_walls.371"},{"type":"Feature","geometry":{"type":"MultiLineString","coordinates":[[[758555.4827,286359.9854],[757805.4827,286359.9854]]]},"properties":{"FLOORID":"2"},"id":"bld_blockIII_floor2_temp_walls.372"},{"type":"Feature","geometry":{"type":"MultiLineString","coordinates":[[[758555.4827,290984.9854],[758555.4827,291109.9854]]]},"properties":{"FLOORID":"2"},"id":"bld_blockIII_floor2_temp_walls.373"},{"type":"Feature","geometry":{"type":"MultiLineString","coordinates":[[[698865.4827,291109.9854],[698740.4827,291109.9854]]]},"properties":{"FLOORID":"2"},"id":"bld_blockIII_floor2_temp_walls.374"},{"type":"Feature","geometry":{"type":"MultiLineString","coordinates":[[[706701.2492,284984.9854],[706701.2492,284859.9854]]]},"properties":{"FLOORID":"2"},"id":"bld_blockIII_floor2_temp_walls.375"},{"type":"Feature","geometry":{"type":"MultiLineString","coordinates":[[[673690.4827,283234.9854],[673690.4827,280984.9854]]]},"properties":{"FLOORID":"2"},"id":"bld_blockIII_floor2_temp_walls.376"},{"type":"Feature","geometry":{"type":"MultiLineString","coordinates":[[[783480.4827,288359.9854],[782730.4827,288359.9854]]]},"properties":{"FLOORID":"2"},"id":"bld_blockIII_floor2_temp_walls.377"},{"type":"Feature","geometry":{"type":"MultiLineString","coordinates":[[[689365.4827,291109.9854],[689365.4827,286234.9854]]]},"properties":{"FLOORID":"2"},"id":"bld_blockIII_floor2_temp_walls.378"},{"type":"Feature","geometry":{"type":"MultiLineString","coordinates":[[[679502.9827,285984.9854],[672190.4827,285984.9854]]]},"properties":{"FLOORID":"2"},"id":"bld_blockIII_floor2_temp_walls.379"},{"type":"Feature","geometry":{"type":"MultiLineString","coordinates":[[[686565.4827,288234.9854],[686565.4827,288359.9854]]]},"properties":{"FLOORID":"2"},"id":"bld_blockIII_floor2_temp_walls.380"},{"type":"Feature","geometry":{"type":"MultiLineString","coordinates":[[[705450.4827,284859.9854],[702681.2492,284859.9854]]]},"properties":{"FLOORID":"2"},"id":"bld_blockIII_floor2_temp_walls.381"},{"type":"Feature","geometry":{"type":"MultiLineString","coordinates":[[[710740.4827,286234.9854],[710740.4827,286359.9854]]]},"properties":{"FLOORID":"2"},"id":"bld_blockIII_floor2_temp_walls.382"},{"type":"Feature","geometry":{"type":"MultiLineString","coordinates":[[[710721.2492,284984.9854],[710721.2492,284859.9854]]]},"properties":{"FLOORID":"2"},"id":"bld_blockIII_floor2_temp_walls.383"},{"type":"Feature","geometry":{"type":"MultiLineString","coordinates":[[[695615.4827,291109.9854],[695615.4827,288734.9854]]]},"properties":{"FLOORID":"2"},"id":"bld_blockIII_floor2_temp_walls.384"},{"type":"Feature","geometry":{"type":"MultiLineString","coordinates":[[[687815.4827,285859.9854],[684690.4827,285859.9854]]]},"properties":{"FLOORID":"2"},"id":"bld_blockIII_floor2_temp_walls.385"},{"type":"Feature","geometry":{"type":"MultiLineString","coordinates":[[[772230.4827,289859.9854],[772230.4827,292234.9854]]]},"properties":{"FLOORID":"2"},"id":"bld_blockIII_floor2_temp_walls.386"},{"type":"Feature","geometry":{"type":"MultiLineString","coordinates":[[[698740.4827,291109.9854],[698740.4827,288734.9854]]]},"properties":{"FLOORID":"2"},"id":"bld_blockIII_floor2_temp_walls.387"},{"type":"Feature","geometry":{"type":"MultiLineString","coordinates":[[[772105.4827,289859.9854],[772230.4827,289859.9854]]]},"properties":{"FLOORID":"2"},"id":"bld_blockIII_floor2_temp_walls.388"},{"type":"Feature","geometry":{"type":"MultiLineString","coordinates":[[[694490.4827,286359.9854],[694490.4827,286234.9854]]]},"properties":{"FLOORID":"2"},"id":"bld_blockIII_floor2_temp_walls.389"},{"type":"Feature","geometry":{"type":"MultiLineString","coordinates":[[[754470.4827,284859.9854],[754470.4827,280984.9854]]]},"properties":{"FLOORID":"2"},"id":"bld_blockIII_floor2_temp_walls.390"},{"type":"Feature","geometry":{"type":"MultiLineString","coordinates":[[[769305.4827,284859.9854],[769305.4827,284984.9854]]]},"properties":{"FLOORID":"2"},"id":"bld_blockIII_floor2_temp_walls.391"},{"type":"Feature","geometry":{"type":"MultiLineString","coordinates":[[[753430.4827,286234.9854],[753430.4827,292234.9854]]]},"properties":{"FLOORID":"2"},"id":"bld_blockIII_floor2_temp_walls.392"},{"type":"Feature","geometry":{"type":"MultiLineString","coordinates":[[[766180.4827,286234.9854],[765430.4827,286234.9854]]]},"properties":{"FLOORID":"2"},"id":"bld_blockIII_floor2_temp_walls.393"},{"type":"Feature","geometry":{"type":"MultiLineString","coordinates":[[[706490.4827,288734.9854],[706490.4827,291109.9854]]]},"properties":{"FLOORID":"2"},"id":"bld_blockIII_floor2_temp_walls.394"},{"type":"Feature","geometry":{"type":"MultiLineString","coordinates":[[[778355.4827,288359.9854],[778355.4827,285984.9854]]]},"properties":{"FLOORID":"2"},"id":"bld_blockIII_floor2_temp_walls.395"},{"type":"Feature","geometry":{"type":"MultiLineString","coordinates":[[[673315.4827,288359.9854],[674065.4827,288359.9854]]]},"properties":{"FLOORID":"2"},"id":"bld_blockIII_floor2_temp_walls.396"},{"type":"Feature","geometry":{"type":"MultiLineString","coordinates":[[[759680.4827,291109.9854],[759680.4827,288734.9854]]]},"properties":{"FLOORID":"2"},"id":"bld_blockIII_floor2_temp_walls.397"},{"type":"Feature","geometry":{"type":"MultiLineString","coordinates":[[[710740.4827,286234.9854],[713490.4827,286234.9854]]]},"properties":{"FLOORID":"2"},"id":"bld_blockIII_floor2_temp_walls.398"},{"type":"Feature","geometry":{"type":"MultiLineString","coordinates":[[[678502.9827,281797.4854],[679315.4827,281797.4854]]]},"properties":{"FLOORID":"2"},"id":"bld_blockIII_floor2_temp_walls.399"},{"type":"Feature","geometry":{"type":"MultiLineString","coordinates":[[[703365.4827,291109.9854],[703365.4827,288734.9854]]]},"properties":{"FLOORID":"2"},"id":"bld_blockIII_floor2_temp_walls.400"},{"type":"Feature","geometry":{"type":"MultiLineString","coordinates":[[[759805.4827,286234.9854],[759805.4827,291109.9854]]]},"properties":{"FLOORID":"2"},"id":"bld_blockIII_floor2_temp_walls.401"},{"type":"Feature","geometry":{"type":"MultiLineString","coordinates":[[[761055.4827,286234.9854],[761055.4827,288734.9854]]]},"properties":{"FLOORID":"2"},"id":"bld_blockIII_floor2_temp_walls.402"},{"type":"Feature","geometry":{"type":"MultiLineString","coordinates":[[[689490.4827,284984.9854],[689490.4827,280984.9854]]]},"properties":{"FLOORID":"2"},"id":"bld_blockIII_floor2_temp_walls.403"},{"type":"Feature","geometry":{"type":"MultiLineString","coordinates":[[[692490.4827,291109.9854],[692490.4827,288734.9854]]]},"properties":{"FLOORID":"2"},"id":"bld_blockIII_floor2_temp_walls.404"},{"type":"Feature","geometry":{"type":"MultiLineString","coordinates":[[[679315.4827,285797.4854],[672190.4827,285797.4854]]]},"properties":{"FLOORID":"2"},"id":"bld_blockIII_floor2_temp_walls.405"},{"type":"Feature","geometry":{"type":"MultiLineString","coordinates":[[[697615.4827,286359.9854],[697615.4827,286234.9854]]]},"properties":{"FLOORID":"2"},"id":"bld_blockIII_floor2_temp_walls.406"},{"type":"Feature","geometry":{"type":"MultiLineString","coordinates":[[[782730.4827,289984.9854],[782730.4827,289859.9854]]]},"properties":{"FLOORID":"2"},"id":"bld_blockIII_floor2_temp_walls.407"},{"type":"Feature","geometry":{"type":"MultiLineString","coordinates":[[[706365.4827,288732.1204],[706365.4827,291109.9854]]]},"properties":{"FLOORID":"2"},"id":"bld_blockIII_floor2_temp_walls.408"},{"type":"Feature","geometry":{"type":"MultiLineString","coordinates":[[[697410.4827,284859.9854],[697410.4827,280984.9854]]]},"properties":{"FLOORID":"2"},"id":"bld_blockIII_floor2_temp_walls.409"},{"type":"Feature","geometry":{"type":"MultiLineString","coordinates":[[[769305.4827,290984.9854],[769305.4827,291109.9854]]]},"properties":{"FLOORID":"2"},"id":"bld_blockIII_floor2_temp_walls.410"},{"type":"Feature","geometry":{"type":"MultiLineString","coordinates":[[[678502.9827,282672.4854],[678502.9827,282734.9854]]]},"properties":{"FLOORID":"2"},"id":"bld_blockIII_floor2_temp_walls.411"},{"type":"Feature","geometry":{"type":"MultiLineString","coordinates":[[[705240.4827,290984.9854],[704490.4827,290984.9854]]]},"properties":{"FLOORID":"2"},"id":"bld_blockIII_floor2_temp_walls.412"},{"type":"Feature","geometry":{"type":"MultiLineString","coordinates":[[[754345.4827,284984.9854],[754345.4827,280984.9854]]]},"properties":{"FLOORID":"2"},"id":"bld_blockIII_floor2_temp_walls.413"},{"type":"Feature","geometry":{"type":"MultiLineString","coordinates":[[[693390.4827,284859.9854],[690615.4827,284859.9854]]]},"properties":{"FLOORID":"2"},"id":"bld_blockIII_floor2_temp_walls.414"},{"type":"Feature","geometry":{"type":"MultiLineString","coordinates":[[[779605.4827,288234.9854],[779605.4827,288359.9854]]]},"properties":{"FLOORID":"2"},"id":"bld_blockIII_floor2_temp_walls.415"},{"type":"Feature","geometry":{"type":"MultiLineString","coordinates":[[[754680.4827,286359.9854],[754680.4827,286234.9854]]]},"properties":{"FLOORID":"2"},"id":"bld_blockIII_floor2_temp_walls.416"},{"type":"Feature","geometry":{"type":"MultiLineString","coordinates":[[[679027.9827,285797.4854],[672377.9827,285797.4854]]]},"properties":{"FLOORID":"2"},"id":"bld_blockIII_floor2_temp_walls.417"},{"type":"Feature","geometry":{"type":"MultiLineString","coordinates":[[[684690.4827,283359.9854],[684565.4827,283359.9854]]]},"properties":{"FLOORID":"2"},"id":"bld_blockIII_floor2_temp_walls.418"},{"type":"Feature","geometry":{"type":"MultiLineString","coordinates":[[[783480.4827,289984.9854],[782730.4827,289984.9854]]]},"properties":{"FLOORID":"2"},"id":"bld_blockIII_floor2_temp_walls.419"},{"type":"Feature","geometry":{"type":"MultiLineString","coordinates":[[[756680.4827,286234.9854],[756680.4827,288609.9854]]]},"properties":{"FLOORID":"2"},"id":"bld_blockIII_floor2_temp_walls.420"},{"type":"Feature","geometry":{"type":"MultiLineString","coordinates":[[[777230.4827,289984.9854],[776480.4827,289984.9854]]]},"properties":{"FLOORID":"2"},"id":"bld_blockIII_floor2_temp_walls.421"},{"type":"Feature","geometry":{"type":"MultiLineString","coordinates":[[[780355.4827,288234.9854],[779605.4827,288234.9854]]]},"properties":{"FLOORID":"2"},"id":"bld_blockIII_floor2_temp_walls.422"},{"type":"Feature","geometry":{"type":"MultiLineString","coordinates":[[[690615.4827,290984.9854],[690615.4827,291109.9854]]]},"properties":{"FLOORID":"2"},"id":"bld_blockIII_floor2_temp_walls.423"},{"type":"Feature","geometry":{"type":"MultiLineString","coordinates":[[[680315.4827,289984.9854],[680315.4827,289859.9854]]]},"properties":{"FLOORID":"2"},"id":"bld_blockIII_floor2_temp_walls.424"},{"type":"Feature","geometry":{"type":"MultiLineString","coordinates":[[[753555.4827,286234.9854],[753430.4827,286234.9854]]]},"properties":{"FLOORID":"2"},"id":"bld_blockIII_floor2_temp_walls.425"},{"type":"Feature","geometry":{"type":"MultiLineString","coordinates":[[[673315.4827,289859.9854],[674065.4827,289859.9854]]]},"properties":{"FLOORID":"2"},"id":"bld_blockIII_floor2_temp_walls.426"},{"type":"Feature","geometry":{"type":"MultiLineString","coordinates":[[[784730.4827,288359.9854],[784605.4827,288359.9854]]]},"properties":{"FLOORID":"2"},"id":"bld_blockIII_floor2_temp_walls.427"},{"type":"Feature","geometry":{"type":"MultiLineString","coordinates":[[[701555.4827,284984.9854],[698660.4827,284984.9854]]]},"properties":{"FLOORID":"2"},"id":"bld_blockIII_floor2_temp_walls.428"},{"type":"Feature","geometry":{"type":"MultiLineString","coordinates":[[[772230.4827,285984.9854],[772230.4827,288359.9854]]]},"properties":{"FLOORID":"2"},"id":"bld_blockIII_floor2_temp_walls.429"},{"type":"Feature","geometry":{"type":"MultiLineString","coordinates":[[[704490.4827,286359.9854],[704490.4827,286234.9854]]]},"properties":{"FLOORID":"2"},"id":"bld_blockIII_floor2_temp_walls.430"},{"type":"Feature","geometry":{"type":"MultiLineString","coordinates":[[[777230.4827,289859.9854],[776480.4827,289859.9854]]]},"properties":{"FLOORID":"2"},"id":"bld_blockIII_floor2_temp_walls.431"},{"type":"Feature","geometry":{"type":"MultiLineString","coordinates":[[[775355.4827,288359.9854],[775230.4827,288359.9854]]]},"properties":{"FLOORID":"2"},"id":"bld_blockIII_floor2_temp_walls.432"},{"type":"Feature","geometry":{"type":"MultiLineString","coordinates":[[[684690.4827,285859.9854],[681565.4827,285859.9854]]]},"properties":{"FLOORID":"2"},"id":"bld_blockIII_floor2_temp_walls.433"},{"type":"Feature","geometry":{"type":"MultiLineString","coordinates":[[[689490.4827,291109.9854],[689365.4827,291109.9854]]]},"properties":{"FLOORID":"2"},"id":"bld_blockIII_floor2_temp_walls.434"},{"type":"Feature","geometry":{"type":"MultiLineString","coordinates":[[[678440.4827,289859.9854],[678440.4827,292234.9854]]]},"properties":{"FLOORID":"2"},"id":"bld_blockIII_floor2_temp_walls.435"},{"type":"Feature","geometry":{"type":"MultiLineString","coordinates":[[[679502.9827,282859.9854],[679315.4827,282859.9854]]]},"properties":{"FLOORID":"2"},"id":"bld_blockIII_floor2_temp_walls.436"},{"type":"Feature","geometry":{"type":"MultiLineString","coordinates":[[[705240.4827,286234.9854],[704490.4827,286234.9854]]]},"properties":{"FLOORID":"2"},"id":"bld_blockIII_floor2_temp_walls.437"},{"type":"Feature","geometry":{"type":"MultiLineString","coordinates":[[[767430.4827,291109.9854],[767430.4827,288734.9854]]]},"properties":{"FLOORID":"2"},"id":"bld_blockIII_floor2_temp_walls.438"},{"type":"Feature","geometry":{"type":"MultiLineString","coordinates":[[[761260.4827,284984.9854],[761260.4827,284859.9854]]]},"properties":{"FLOORID":"2"},"id":"bld_blockIII_floor2_temp_walls.439"},{"type":"Feature","geometry":{"type":"MultiLineString","coordinates":[[[703240.4827,288734.9854],[703240.4827,291109.9854]]]},"properties":{"FLOORID":"2"},"id":"bld_blockIII_floor2_temp_walls.440"},{"type":"Feature","geometry":{"type":"MultiLineString","coordinates":[[[678315.4827,288359.9854],[678440.4827,288359.9854]]]},"properties":{"FLOORID":"2"},"id":"bld_blockIII_floor2_temp_walls.441"},{"type":"Feature","geometry":{"type":"MultiLineString","coordinates":[[[780355.4827,289984.9854],[779605.4827,289984.9854]]]},"properties":{"FLOORID":"2"},"id":"bld_blockIII_floor2_temp_walls.442"},{"type":"Feature","geometry":{"type":"MultiLineString","coordinates":[[[687815.4827,285859.9854],[687815.4827,288359.9854]]]},"properties":{"FLOORID":"2"},"id":"bld_blockIII_floor2_temp_walls.443"},{"type":"Feature","geometry":{"type":"MultiLineString","coordinates":[[[775230.4827,285859.9854],[778355.4827,285859.9854]]]},"properties":{"FLOORID":"2"},"id":"bld_blockIII_floor2_temp_walls.444"},{"type":"Feature","geometry":{"type":"MultiLineString","coordinates":[[[705575.4827,284984.9854],[702681.2492,284984.9854]]]},"properties":{"FLOORID":"2"},"id":"bld_blockIII_floor2_temp_walls.445"},{"type":"Feature","geometry":{"type":"MultiLineString","coordinates":[[[698865.4827,286234.9854],[698865.4827,288734.9854]]]},"properties":{"FLOORID":"2"},"id":"bld_blockIII_floor2_temp_walls.446"},{"type":"Feature","geometry":{"type":"MultiLineString","coordinates":[[[689490.4827,286234.9854],[689490.4827,288609.9854]]]},"properties":{"FLOORID":"2"},"id":"bld_blockIII_floor2_temp_walls.447"},{"type":"Feature","geometry":{"type":"MultiLineString","coordinates":[[[767305.4827,286234.9854],[767430.4827,286234.9854]]]},"properties":{"FLOORID":"2"},"id":"bld_blockIII_floor2_temp_walls.448"},{"type":"Feature","geometry":{"type":"MultiLineString","coordinates":[[[768555.4827,286359.9854],[769305.4827,286359.9854]]]},"properties":{"FLOORID":"2"},"id":"bld_blockIII_floor2_temp_walls.449"},{"type":"Feature","geometry":{"type":"MultiLineString","coordinates":[[[675315.4827,283234.9854],[675315.4827,280984.9854]]]},"properties":{"FLOORID":"2"},"id":"bld_blockIII_floor2_temp_walls.450"},{"type":"Feature","geometry":{"type":"MultiLineString","coordinates":[[[709470.4827,284859.9854],[709470.4827,280984.9854]]]},"properties":{"FLOORID":"2"},"id":"bld_blockIII_floor2_temp_walls.451"},{"type":"Feature","geometry":{"type":"MultiLineString","coordinates":[[[753555.4827,286234.9854],[753555.4827,292234.9854]]]},"properties":{"FLOORID":"2"},"id":"bld_blockIII_floor2_temp_walls.452"},{"type":"Feature","geometry":{"type":"MultiLineString","coordinates":[[[678315.4827,289859.9854],[678440.4827,289859.9854]]]},"properties":{"FLOORID":"2"},"id":"bld_blockIII_floor2_temp_walls.453"},{"type":"Feature","geometry":{"type":"MultiLineString","coordinates":[[[701365.4827,290984.9854],[702115.4827,290984.9854]]]},"properties":{"FLOORID":"2"},"id":"bld_blockIII_floor2_temp_walls.454"},{"type":"Feature","geometry":{"type":"MultiLineString","coordinates":[[[692490.4827,286234.9854],[692490.4827,288609.9854]]]},"properties":{"FLOORID":"2"},"id":"bld_blockIII_floor2_temp_walls.455"},{"type":"Feature","geometry":{"type":"MultiLineString","coordinates":[[[770555.4827,284984.9854],[770555.4827,280984.9854]]]},"properties":{"FLOORID":"2"},"id":"bld_blockIII_floor2_temp_walls.456"},{"type":"Feature","geometry":{"type":"MultiLineString","coordinates":[[[678502.9827,281859.9854],[679315.4827,281859.9854]]]},"properties":{"FLOORID":"2"},"id":"bld_blockIII_floor2_temp_walls.457"},{"type":"Feature","geometry":{"type":"MultiLineString","coordinates":[[[708365.4827,290984.9854],[707615.4827,290984.9854]]]},"properties":{"FLOORID":"2"},"id":"bld_blockIII_floor2_temp_walls.458"},{"type":"Feature","geometry":{"type":"MultiLineString","coordinates":[[[753555.4827,288734.9854],[756555.4827,288734.9854]]]},"properties":{"FLOORID":"2"},"id":"bld_blockIII_floor2_temp_walls.459"}]}